
Gurobi 12.0.0 (win64) logging started Thu Mar 20 13:11:00 2025

Set parameter LogFile to value "gurobi_3.log"
Gurobi Optimizer version 12.0.0 build v12.0.0rc1 (win64 - Windows 11.0 (26100.2))

CPU model: AMD Ryzen 7 5800H with Radeon Graphics, instruction set [SSE2|AVX|AVX2]
Thread count: 8 physical cores, 16 logical processors, using up to 16 threads

Non-default parameters:
TimeLimit  10800

Optimize a model with 71487 rows, 27278 columns and 348883 nonzeros
Model fingerprint: 0x27a55ea5
Model has 13183 quadratic objective terms
Model has 5984 quadratic constraints
Variable types: 9023 continuous, 18255 integer (18255 binary)
Coefficient statistics:
  Matrix range     [1e+00, 2e+06]
  QMatrix range    [1e+00, 1e+00]
  QLMatrix range   [1e+00, 1e+02]
  Objective range  [1e+00, 1e+04]
  QObjective range [3e+01, 4e+02]
  Bounds range     [1e+00, 1e+00]
  RHS range        [1e+00, 2e+06]
Presolve removed 48827 rows and 18223 columns
Presolve time: 0.44s
Presolved: 34784 rows, 22036 columns, 100883 nonzeros
Presolved model has 8654 SOS constraint(s)
Variable types: 10273 continuous, 11763 integer (11762 binary)
Found heuristic solution: objective 5817.5713661

Deterministic concurrent LP optimizer: primal and dual simplex (primal and dual model)
Showing primal log only...

Root relaxation presolved: 21024 rows, 14098 columns, 99870 nonzeros


Use crossover to convert LP symmetric solution to basic solution...
Concurrent spin time: 0.00s

Solved with dual simplex

Root relaxation: objective -2.001416e+04, 579 iterations, 0.27 seconds (0.15 work units)

    Nodes    |    Current Node    |     Objective Bounds      |     Work
 Expl Unexpl |  Obj  Depth IntInf | Incumbent    BestBd   Gap | It/Node Time

     0     0 -20014.164    0   16 5817.57137 -20014.164   444%     -    2s
     0     0 -20014.164    0   16 5817.57137 -20014.164   444%     -    2s
H    0     0                    4146.3356103 -20014.164   583%     -    2s
H    0     0                    4146.3356099 -20014.164   583%     -    3s
     0     0 -20014.164    0   27 4146.33561 -20014.164   583%     -    3s
     0     0 -20014.164    0   29 4146.33561 -20014.164   583%     -    3s
     0     0 -20014.164    0   17 4146.33561 -20014.164   583%     -    3s
     0     0 -20014.164    0   16 4146.33561 -20014.164   583%     -    4s
     0     0 -20014.164    0   18 4146.33561 -20014.164   583%     -    4s
     0     0 -20014.164    0   17 4146.33561 -20014.164   583%     -    4s
     0     0 -20014.164    0   20 4146.33561 -20014.164   583%     -    5s
     0     0 -19952.934    0   13 4146.33561 -19952.934   581%     -    5s
     0     0 -19914.235    0   16 4146.33561 -19914.235   580%     -    5s
     0     0 -19914.235    0   23 4146.33561 -19914.235   580%     -    6s
     0     0 -19914.235    0   23 4146.33561 -19914.235   580%     -    6s
     0     2 -19914.235    0   23 4146.33561 -19914.235   580%     -    6s
   368   256 -10708.076   33   47 4146.33561 -19914.235   580%  17.5   10s
   823   435 -19758.499   61   67 4146.33561 -19914.235   580%  19.9   15s
  1895   730 -19132.076  124   57 4146.33561 -19363.994   567%  16.9   20s
  3018   998 3979.59501   30 4167 4146.33561 -19132.076   561%  15.9   32s
  3085  1016 -10757.664   18   14 4146.33561 -19132.076   561%  16.4   35s
  3660   881 -10102.569   63   57 4146.33561 -19132.076   561%  16.3   40s
  4096   989 -10939.164   32   10 4146.33561 -19132.076   561%  15.9   45s
  4474  1254 -10261.586   40   18 4146.33561 -19132.076   561%  15.3   50s
  5317  1846 -10261.583  125   22 4146.33561 -19132.076   561%  14.4   55s
  5916  2299 -9955.7353  177   18 4146.33561 -19132.076   561%  13.9   60s
  7086  3589 -10261.580  235   35 4146.33561 -10939.164   364%  13.4   67s
  9060  3883 -10261.578  278   22 4146.33561 -10939.164   364%  12.8   72s
 10806  4692 -10553.022   50   22 4146.33561 -10939.164   364%  12.4   76s
 13277  5916 -10553.022   57   22 4146.33561 -10939.164   364%  12.3   80s
 14435  7279 -10757.664   36   21 4146.33561 -10939.164   364%  12.4   89s
 15316  7673 -10402.271   44   45 4146.33561 -10939.164   364%  12.6   90s
 17381  8735 -10748.408  201   46 4146.33561 -10939.164   364%  12.6   96s
 19196 10298 -10652.556   43   34 4146.33561 -10939.164   364%  12.7  100s
 21512 11650 -10777.727  176   46 4146.33561 -10939.164   364%  12.6  106s
 23462 12539 -10796.710  311   34 4146.33561 -10939.164   364%  12.6  111s
 25281 13269 -10939.158  195   38 4146.33561 -10939.160   364%  12.4  115s
 27137 13832 -10633.314  294   14 4146.33561 -10939.160   364%  12.3  121s
 28815 14317 -10277.921  174   36 4146.33561 -10939.160   364%  12.3  125s
 29484 14318 -10939.159  191 3704 4146.33561 -10939.160   364%  12.3  135s
 29786 14301 -10652.556   50   24 4146.33561 -10939.160   364%  12.3  140s
 30278 14327 -10939.160   42   14 4146.33561 -10939.160   364%  12.4  145s
 30901 14757 -10939.160  122   17 4146.33561 -10939.160   364%  12.3  150s
 31500 15174 -10939.159  192   16 4146.33561 -10939.160   364%  12.2  155s
 31990 15426 -10939.158  243   16 4146.33561 -10939.160   364%  12.1  161s
 32449 15795 -10939.156  301   19 4146.33561 -10939.160   364%  12.1  165s
 33290 15919 -10530.894   53   15 4146.33561 -10939.160   364%  12.0  170s
 34844 15847     cutoff   49      4146.33561 -10939.160   364%  12.0  176s
 36115 16425 -10742.336   57    8 4146.33561 -10939.160   364%  12.0  180s
 37666 16987 -10553.022   56   20 4146.33561 -10939.160   364%  12.0  185s
 39111 16946 -10389.794   73   23 4146.33561 -10939.160   364%  12.0  191s
 40694 16800     cutoff   81      4146.33561 -10939.160   364%  12.0  195s
 42521 17291 -10402.271   53   21 4146.33561 -10939.160   364%  12.1  200s
 44157 17282 -10742.336   62 3704 4146.33561 -10939.160   364%  12.0  241s
 44164 17287 -10757.664   44    4 4146.33561 -10939.160   364%  12.0  246s
 44167 17289 -10742.336   75   21 4146.33561 -10939.160   364%  12.0  250s
 44170 17291 -4996.2605   68    9 4146.33561 -10939.160   364%  12.0  255s
 44174 17293 -10227.025  338   10 4146.33561 -10939.160   364%  12.0  261s
 44179 17297 -10553.022   64   30 4146.33561 -10834.056   361%  12.0  265s
 44185 17301 -10681.002  113   18 4146.33561 -10834.056   361%  12.0  270s
 44190 17304 -10791.228  296   15 4146.33561 -10834.056   361%  12.0  275s
 44195 17307 -10834.056  269   19 4146.33561 -10834.056   361%  12.0  280s
 44200 17311 -9639.3419  255   16 4146.33561 -10834.056   361%  12.0  285s
 44204 17313 -10757.664   34   15 4146.33561 -10834.056   361%  12.0  290s
 44415 17291 -10385.618   52   26 4146.33561 -10834.056   361%  12.3  295s
 44616 17235     cutoff   69      4146.33561 -10834.056   361%  12.3  300s
 45016 17196 -10834.056   42   35 4146.33561 -10834.056   361%  12.3  305s
 45606 17463 -10834.056  104   33 4146.33561 -10834.056   361%  12.3  310s
 46089 17780 -10834.056  169   35 4146.33561 -10834.056   361%  12.3  315s
 46739 18191 -10798.206  247   24 4146.33561 -10834.056   361%  12.2  320s
 47385 18452 -10798.203  323   28 4146.33561 -10834.056   361%  12.2  325s
 48139 18828 -9416.5481  119   17 4146.33561 -10834.056   361%  12.2  331s
 48980 19138 -10834.056  118   32 4146.33561 -10834.056   361%  12.2  335s
 50057 19442 -10834.056  171   24 4146.33561 -10834.056   361%  12.2  341s
 51086 19697 -9131.4084  174    8 4146.33561 -10834.056   361%  12.2  346s
 51778 19999 -9522.7282  272   27 4146.33561 -10834.056   361%  12.3  350s
 52519 20182 -9522.7268  345   21 4146.33561 -10834.056   361%  12.3  355s
 53213 20446 -9522.7251  421   26 4146.33561 -10834.056   361%  12.3  360s
 54105 20632 -8968.3796  166   26 4146.33561 -10834.056   361%  12.3  366s
 55051 20995 -10294.908  164   42 4146.33561 -10834.056   361%  12.4  372s
 55748 21023 -7756.5355  174   11 4146.33561 -10834.056   361%  12.5  375s
 57122 21249     cutoff  190      4146.33561 -10834.056   361%  12.6  382s
 57849 21437 infeasible  165      4146.33561 -10834.056   361%  12.6  385s
 58610 21474 -6419.4248  194   12 4146.33561 -10834.056   361%  12.7  393s
 59429 21460     cutoff  173      4146.33561 -10834.056   361%  12.8  396s
 60741 21517     cutoff  191      4146.33561 -10834.056   361%  12.9  402s
 61330 21737 -8708.4621  182    9 4146.33561 -10834.056   361%  12.9  405s
 63395 22113 -6554.0028  205   23 4146.33561 -10834.056   361%  13.0  412s
 64057 22698 -7986.6145  245   26 4146.33561 -10834.056   361%  13.0  416s
 66388 23515 infeasible  191      4146.33561 -10834.056   361%  12.9  423s
 67612 23721 -8745.2455  269   23 4146.33561 -10834.056   361%  12.9  427s
 68431 23581 -8745.2434  357   23 4146.33561 -10834.056   361%  12.8  430s
 69863 24145     cutoff  193      4146.33561 -10834.056   361%  12.8  436s
 71619 24961 -8231.8101  204    6 4146.33561 -10834.056   361%  12.7  442s
 72642 25241     cutoff  194      4146.33561 -10834.056   361%  12.7  446s
 73547 25898     cutoff  181      4146.33561 -10834.056   361%  12.7  455s
 75255 26459 -7621.9289  399   28 4146.33561 -10834.056   361%  12.6  460s
 76895 27136 -8607.3495  375   25 4146.33561 -10834.056   361%  12.6  467s
 77744 27424 -7641.1844  181   14 4146.33561 -10834.056   361%  12.5  470s
 79575 28541     cutoff  193      4146.33561 -10834.056   361%  12.5  476s
 81187 29451 -9366.6152  399   26 4146.33561 -10834.056   361%  12.4  482s
 82438 29859 -7446.4715  290   28 4146.33561 -10834.056   361%  12.3  485s
 84391 30277 -9177.0500  177   11 4146.33561 -10834.056   361%  12.3  491s
 85390 30357 -9382.5389  179   12 4146.33561 -10834.056   361%  12.3  495s
 87078 30657 -7993.0749  182   17 4146.33561 -10834.056   361%  12.3  500s
 88050 31019 -10456.293   68    6 4146.33561 -10834.056   361%  12.3  509s
 89381 30905 -10286.084   69   37 4146.33561 -10834.056   361%  12.3  512s
 90034 30966 -8791.9325  107   42 4146.33561 -10834.056   361%  12.3  515s
 91685 30884 -10517.172  187    6 4146.33561 -10834.056   361%  12.3  521s
 93486 31640 -9420.3374  110   11 4146.33561 -10827.936   361%  12.3  526s
 94904 32531 -10797.116  297   29 4146.33561 -10798.206   360%  12.3  531s
 96307 33311 -10797.113  466   34 4146.33561 -10798.206   360%  12.2  537s
 96915 33496 -10796.583  541   35 4146.33561 -10798.206   360%  12.2  540s
 98851 34787 -10517.172  189   49 4146.33561 -10798.206   360%  12.2  546s
 100544 36077 -10616.706  199   25 4146.33561 -10798.206   360%  12.2  551s
 102260 37235 -10797.116  347   39 4146.33561 -10798.206   360%  12.1  557s
 102914 38254 -10797.115  398   42 4146.33561 -10798.206   360%  12.1  565s
 104911 38927 -10798.206  187   29 4146.33561 -10798.206   360%  12.1  570s
 105795 39633 -10575.894  230   25 4146.33561 -10798.206   360%  12.1  575s
 107382 40825 -10410.569  302   50 4146.33561 -10798.206   360%  12.1  582s
 108272 41222 -10514.474  324   35 4146.33561 -10798.206   360%  12.0  585s
 110069 41898 -10553.022  371   26 4146.33561 -10798.206   360%  12.1  592s
 111070 42424 -10797.115  399   38 4146.33561 -10798.206   360%  12.1  595s
 112912 43181 -10512.198  453   33 4146.33561 -10797.121   360%  12.1  601s
 114934 43750 -10797.088  536   66 4146.33561 -10797.121   360%  12.1  607s
 115898 43912 -10615.621  200   27 4146.33561 -10797.121   360%  12.1  610s
 117883 44780 -10365.336  225   16 4146.33561 -10797.121   360%  12.1  621s
 119747 45620     cutoff  212      4146.33561 -10797.121   360%  12.1  627s
 120760 45855 -10615.621  187   35 4146.33561 -10797.121   360%  12.1  630s
 122429 46347 -10516.086  199    9 4146.33561 -10797.121   360%  12.1  636s
 124244 46780 -10516.086  210    9 4146.33561 -10797.121   360%  12.1  641s
 125813 47880 -10797.116  294   31 4146.33561 -10797.121   360%  12.1  646s
 127706 48740 -10797.087  526   38 4146.33561 -10797.121   360%  12.1  652s
 128575 49108     cutoff  226      4146.33561 -10797.121   360%  12.1  655s
 130431 49896 -10797.115  417   40 4146.33561 -10797.121   360%  12.1  660s
 131944 50741 -10516.086  236   32 4146.33561 -10797.121   360%  12.1  665s
 132876 51260     cutoff  219      4146.33561 -10797.121   360%  12.1  673s
 134097 51563 -10615.621  194   38 4146.33561 -10797.121   360%  12.1  676s
 135647 52149     cutoff  224      4146.33561 -10797.121   360%  12.1  681s
 137105 53020 -10065.634  201    9 4146.33561 -10797.121   360%  12.1  686s
 138894 54465 -10797.116  367   36 4146.33561 -10797.121   360%  12.1  691s
 140487 55635     cutoff  555      4146.33561 -10797.120   360%  12.1  696s
 141918 57002 -10797.116  347   28 4146.33561 -10797.120   360%  12.0  701s
 143501 58415 -10618.325  238   31 4146.33561 -10797.120   360%  12.0  707s
 145153 59572 -10657.854  445   35 4146.33561 -10797.120   360%  11.9  712s
 146037 60047 -9970.2347  242   21 4146.33561 -10797.120   360%  11.9  715s
 147832 61088 -10359.944  263   40 4146.33561 -10797.120   360%  11.9  725s
 149446 61941 -10376.380  243   23 4146.33561 -10797.119   360%  11.9  731s
 151420 62929 -10692.191  305   42 4146.33561 -10797.118   360%  11.9  736s
 153096 64094 -10257.815  485   25 4146.33561 -10797.118   360%  11.9  742s
 153971 64524     cutoff  304      4146.33561 -10797.118   360%  11.8  745s
 155419 65470 -10592.067  375   39 4146.33561 -10797.118   360%  11.8  750s
 156977 66521 -10365.336  287   29 4146.33561 -10797.118   360%  11.8  756s
 158709 67636 infeasible  422      4146.33561 -10797.118   360%  11.8  761s
 159526 68061 -9752.3298  303   39 4146.33561 -10797.117   360%  11.8  765s
 161191 69299 -10592.068  362   37 4146.33561 -10797.117   360%  11.8  770s
 162795 70177     cutoff  500      4146.33561 -10797.117   360%  11.8  780s
 163296 70953     cutoff  318      4146.33561 -10797.117   360%  11.8  785s
 165670 72252 -10446.749  495   39 4146.33561 -10797.117   360%  11.8  793s
 166676 72718 -10615.621  277   15 4146.33561 -10797.117   360%  11.8  796s
 168595 73958 -10567.831  328   39 4146.33561 -10797.116   360%  11.8  802s
 169448 74454 -10791.725  315   31 4146.33561 -10797.116   360%  11.8  805s
 171261 75333     cutoff  323      4146.33561 -10797.116   360%  11.8  812s
 172059 75729 -10294.532  351   30 4146.33561 -10797.116   360%  11.8  815s
 173476 76431     cutoff  337      4146.33561 -10797.116   360%  11.8  821s
 175014 77283 -10385.053  347   38 4146.33561 -10797.116   360%  11.8  828s
 175914 77702 -10566.549  339   36 4146.33561 -10797.116   360%  11.8  831s
 177654 78833 -10791.716  482   45 4146.33561 -10797.116   360%  11.8  842s
 178503 79391 -10476.359  358   35 4146.33561 -10797.116   360%  11.8  845s
 180051 80613 -10560.184  379   34 4146.33561 -10797.116   360%  11.8  851s
 182032 81605 -9752.3298  361   24 4146.33561 -10797.116   360%  11.7  857s
 182902 82519 -10560.184  365   34 4146.33561 -10797.116   360%  11.8  860s
 184758 83238     cutoff  373      4146.33561 -10797.116   360%  11.7  865s
 185975 83991 -10365.336  365   16 4146.33561 -10797.116   360%  11.8  870s
 187303 85076 -10431.005  495   82 4146.33561 -10797.116   360%  11.7  876s
 189270 86122 infeasible  392      4146.33561 -10797.116   360%  11.7  882s
 190014 86623 -10692.189  400   50 4146.33561 -10797.116   360%  11.7  885s
 191391 87438 -10365.336  333   32 4146.33561 -10797.116   360%  11.7  891s
 192233 88217 -10561.471  345   34 4146.33561 -10797.116   360%  11.7  899s
 193185 88546 -10561.468  481   44 4146.33561 -10797.116   360%  11.7  902s
 193798 88997 -9784.2949  506   15 4146.33561 -10797.116   360%  11.7  905s
 195493 89697 -9752.3298  387   32 4146.33561 -10797.116   360%  11.8  910s
 197227 90376 -10791.723  403   25 4146.33561 -10797.116   360%  11.8  916s
 198989 91399 -10577.565  447   42 4146.33561 -10797.116   360%  11.8  922s
 199951 91811     cutoff  369      4146.33561 -10797.116   360%  11.8  925s
 201553 92523     cutoff  382      4146.33561 -10797.116   360%  11.8  931s
 202920 93234 -10389.794  392   24 4146.33561 -10797.116   360%  11.8  937s
 203999 93671 -10402.271  385   21 4146.33561 -10797.116   360%  11.8  940s
 206059 94436 -10553.022  373   10 4146.33561 -10797.116   360%  11.8  946s
 207134 95116     cutoff  379      4146.33561 -10797.116   360%  11.8  953s
 208415 95363     cutoff  395      4146.33561 -10797.116   360%  11.8  955s
 209855 96015 -10402.271  375   32 4146.33561 -10797.116   360%  11.8  961s
 211510 96693 -10221.167  374   30 4146.33561 -10797.116   360%  11.9  965s
 213176 97403 -10102.569  374   26 4146.33561 -10797.116   360%  11.9  970s
 214980 98151 -10553.022  384   57 4146.33561 -10797.116   360%  11.9  975s
 216692 98671     cutoff  395      4146.33561 -10797.116   360%  11.9  980s
 218469 99486 -10553.022  378   10 4146.33561 -10797.116   360%  11.9  985s
 219846 99936     cutoff  371      4146.33561 -10797.116   360%  11.9  991s
 221483 100591 -10553.022  366   26 4146.33561 -10797.116   360%  11.9  996s
 222427 100829 -9813.8460  387   26 4146.33561 -10797.116   360%  11.9 1004s
 223221 101209 -10402.271  378   30 4146.33561 -10797.116   360%  11.9 1007s
 224340 101411 -10402.271  390   21 4146.33561 -10797.116   360%  11.9 1010s
 225965 102137 -9789.2649  392   22 4146.33561 -10797.116   360%  11.9 1016s
 227894 102935 -10553.022  378   26 4146.33561 -10797.116   360%  11.9 1022s
 229910 103440 -10553.022  385   16 4146.33561 -10797.116   360%  11.9 1026s
 231079 104144     cutoff  386      4146.33561 -10797.116   360%  12.0 1031s
 232647 104614 -10553.022  373   31 4146.33561 -10797.116   360%  12.0 1037s
 234057 105171 -10553.022  372   35 4146.33561 -10797.116   360%  12.0 1042s
 234786 105626     cutoff  412      4146.33561 -10797.116   360%  12.0 1045s
 236706 106512 -10428.671  385   29 4146.33561 -10797.116   360%  12.0 1050s
 237643 106867     cutoff  390      4146.33561 -10797.116   360%  12.0 1057s
 238385 107232     cutoff  401      4146.33561 -10797.116   360%  12.0 1061s
 240080 108194 -10402.271  416   46 4146.33561 -10797.116   360%  12.0 1068s
 241086 108759 -10592.068  395   38 4146.33561 -10797.116   360%  12.0 1071s
 243116 109553 -10428.671  390   54 4146.33561 -10797.116   360%  12.0 1077s
 244712 110274 -10516.086  338   55 4146.33561 -10797.116   360%  12.0 1083s
 245688 110518     cutoff  372      4146.33561 -10797.115   360%  12.0 1086s
 247557 111342 -10386.943  410   41 4146.33561 -10797.115   360%  12.0 1091s
 249301 112054 -10386.943  386   31 4146.33561 -10797.115   360%  12.0 1098s
 250175 112471     cutoff  402      4146.33561 -10797.115   360%  12.0 1101s
 252064 113473 -10386.943  385   26 4146.33561 -10797.115   360%  12.0 1107s
 253173 113836 -9773.9363  416   12 4146.33561 -10797.115   360%  12.0 1115s
 255019 114609 infeasible  424      4146.33561 -10797.115   360%  12.0 1121s
 256737 115232 -10537.693  382   13 4146.33561 -10797.115   360%  12.0 1126s
 258611 116086     cutoff  423      4146.33561 -10797.115   360%  12.0 1131s
 260227 116750     cutoff  396      4146.33561 -10797.115   360%  12.0 1136s
 261778 117357     cutoff  418      4146.33561 -10797.115   360%  12.0 1141s
 263301 117981     cutoff  395      4146.33561 -10797.115   360%  12.0 1146s
 264868 118455     cutoff  416      4146.33561 -10797.115   360%  12.0 1151s
 266224 119013 -10519.635  418   25 4146.33561 -10797.115   360%  12.0 1157s
 267147 119325 -9773.9363  416   35 4146.33561 -10797.115   360%  12.0 1160s
 267945 119570 -10374.465  406   15 4146.33561 -10797.115   360%  12.0 1167s
 268760 119831     cutoff  400      4146.33561 -10797.115   360%  12.1 1170s
 270582 120449 -9773.9363  418   31 4146.33561 -10797.115   360%  12.0 1177s
 271324 120956 -10386.943  407   15 4146.33561 -10797.115   360%  12.0 1180s
 273386 121627 -10386.943  412   30 4146.33561 -10797.115   360%  12.0 1186s
 274994 122339 -9773.9363  445   32 4146.33561 -10797.115   360%  12.0 1192s
 277095 123319     cutoff  423      4146.33561 -10797.115   360%  12.0 1197s
 278002 123689 -10516.086  363   39 4146.33561 -10797.115   360%  12.0 1200s
 279479 124488 -10646.781  432   37 4146.33561 -10797.115   360%  12.0 1205s
 280986 125292 -10657.854  427   36 4146.33561 -10797.115   360%  12.0 1210s
 282695 125977 -10352.858  448   50 4146.33561 -10797.115   360%  12.0 1221s
 284363 126930 -10592.066  473   47 4146.33561 -10797.115   360%  12.0 1227s
 285317 127374 -10338.136  429   33 4146.33561 -10797.115   360%  12.0 1230s
 286976 128343     cutoff  433      4146.33561 -10797.115   360%  12.0 1236s
 288891 129083 -10260.533  435   31 4146.33561 -10797.115   360%  12.0 1242s
 290695 129638 -9753.4150  429   33 4146.33561 -10797.115   360%  12.0 1247s
 291448 129923     cutoff  437      4146.33561 -10797.115   360%  12.0 1250s
 292954 130609 -10066.719  441   19 4146.33561 -10797.115   360%  12.0 1256s
 295091 131493     cutoff  443      4146.33561 -10797.115   360%  12.0 1262s
 296036 131779 -9753.4150  449   15 4146.33561 -10797.115   360%  12.0 1265s
 297931 132591 -9777.9961  437   19 4146.33561 -10797.115   360%  12.0 1275s
 299906 133248 -10517.172  424   27 4146.33561 -10797.115   360%  12.0 1280s
 301413 134001 -10066.719  438   25 4146.33561 -10797.115   360%  12.0 1285s
 303244 134666 -9753.4150  445   43 4146.33561 -10797.115   360%  12.0 1290s
 304762 135553 -10553.022  442   25 4146.33561 -10797.115   360%  12.0 1295s
 306548 136496     cutoff  467      4146.33561 -10797.115   360%  12.0 1300s
 308021 137334 -10441.315  475   53 4146.33561 -10797.115   360%  12.0 1305s
 310292 138675 -10102.569  464   16 4146.33561 -10797.115   360%  12.0 1312s
 311833 139545 -10476.359  435   22 4146.33561 -10797.115   360%  11.9 1317s
 312689 139951 -10553.022  437   49 4146.33561 -10797.115   360%  11.9 1325s
 314530 140984 -9752.3298  479   34 4146.33561 -10797.114   360%  11.9 1331s
 316385 141673 infeasible  466      4146.33561 -10797.114   360%  11.9 1337s
 317794 142230     cutoff  488      4146.33561 -10797.114   360%  11.9 1342s
 318566 142734 -10363.554  430   54 4146.33561 -10797.114   360%  11.9 1345s
 320694 143540 -10277.921  483   18 4146.33561 -10797.114   360%  11.9 1351s
 322110 144296 -10441.317  471   51 4146.33561 -10797.114   360%  11.9 1356s
 323859 145223 -10365.336  453   18 4146.33561 -10797.114   360%  11.9 1362s
 324669 145569 infeasible  454      4146.33561 -10797.114   360%  11.9 1365s
 326527 146412     cutoff  489      4146.33561 -10797.114   360%  11.9 1370s
 327552 146650 -10402.271  470   24 4146.33561 -10797.114   360%  11.9 1378s
 328202 147149 -9789.2649  487   17 4146.33561 -10797.114   360%  11.9 1382s
 329338 147540 -10352.858  477   12 4146.33561 -10797.113   360%  11.9 1385s
 331382 148408 -10301.937  487   29 4146.33561 -10797.113   360%  11.9 1390s
 333200 148883 -10365.336  489   27 4146.33561 -10797.113   360%  11.9 1395s
 333651 149523 -9752.3298  496   20 4146.33561 -10797.113   360%  11.9 1400s
 335166 150340 -9956.0088  461   23 4146.33561 -10797.113   360%  11.8 1406s
 336590 150995 -10065.634  477   35 4146.33561 -10797.113   360%  11.8 1412s
 337440 151486     cutoff  494      4146.33561 -10797.113   360%  11.8 1415s
 339033 152229 -10102.569  514   41 4146.33561 -10797.113   360%  11.8 1420s
 340677 152864 -9752.3298  527   40 4146.33561 -10797.112   360%  11.8 1426s
 342236 153860 -10352.858  511   31 4146.33561 -10797.112   360%  11.8 1437s
 344045 154621 -10303.827  275   23 4146.33561 -10796.892   360%  11.8 1442s
 345719 155265 -10386.631  414   65 4146.33561 -10796.891   360%  11.8 1447s
 347009 156023 -10367.625  344   27 4146.33561 -10795.835   360%  11.8 1452s
 347918 156280 -10319.310  253   16 4146.33561 -10795.824   360%  11.8 1455s
 349362 156807 -9706.3041  293   22 4146.33561 -10795.824   360%  11.8 1460s
 350916 157394 -10470.061  264   24 4146.33561 -10795.824   360%  11.8 1466s
 352725 158436 infeasible  272      4146.33561 -10795.824   360%  11.8 1471s
 354632 159571 -10569.595  247   33 4146.33561 -10795.824   360%  11.8 1477s
 356619 160239 -10470.061  260   16 4146.33561 -10795.822   360%  11.8 1482s
 357213 160681 -10319.310  258   30 4146.33561 -10795.821   360%  11.8 1490s
 358957 161635 -10221.677  395   14 4146.33561 -10793.603   360%  11.8 1495s
 360873 162465 -10202.155  402   27 4146.33561 -10793.603   360%  11.8 1501s
 362168 163085     cutoff  443      4146.33561 -10793.603   360%  11.8 1505s
 363696 163752     cutoff  429      4146.33561 -10793.603   360%  11.8 1510s
 365706 164667 -9405.1540  423   30 4146.33561 -10793.603   360%  11.8 1515s
 367611 165660 -10058.167  478   33 4146.33561 -10793.602   360%  11.9 1521s
 369053 166516 -8057.6622  169    7 4146.33561 -10793.091   360%  11.9 1525s
 370711 167325 -8730.0199  176   63 4146.33561 -10793.091   360%  11.9 1531s
 372176 168034 -9853.4785  130   25 4146.33561 -10793.091   360%  11.8 1542s
 373005 168589 infeasible  126      4146.33561 -10793.091   360%  11.8 1545s
 374688 169614     cutoff  388      4146.33561 -10793.091   360%  11.9 1551s
 376146 170475 -10229.221  370   29 4146.33561 -10792.035   360%  11.9 1557s
 376950 170978 -10156.162  364   14 4146.33561 -10792.035   360%  11.8 1560s
 378885 172168 -10198.029  380   15 4146.33561 -10791.733   360%  11.8 1566s
 379819 172703     cutoff  242      4146.33561 -10791.732   360%  11.8 1570s
 381780 173699 -9939.6190  243   73 4146.33561 -10791.728   360%  11.8 1575s
 383554 174762 -9405.0174  255   12 4146.33561 -10791.728   360%  11.8 1581s
 385597 175934 -10087.240  277   16 4146.33561 -10791.728   360%  11.8 1586s
 387355 176714 -10471.132  264   16 4146.33561 -10791.728   360%  11.8 1596s
 388111 177391 -10570.667  246   40 4146.33561 -10791.728   360%  11.8 1600s
 389982 178470 -10592.065  438   36 4146.33561 -10791.726   360%  11.8 1607s
 390732 178987 -10537.693  272   37 4146.33561 -10791.726   360%  11.8 1611s
 391476 179544 -10496.627  287   47 4146.33561 -10791.726   360%  11.8 1615s
 393143 180741 -10087.240  299   13 4146.33561 -10791.726   360%  11.8 1622s
 393931 181257 -10410.569  296   26 4146.33561 -10791.726   360%  11.8 1625s
 395532 182409 -10459.414  374   28 4146.33561 -10791.726   360%  11.8 1632s
 396383 182975 -10187.386  406   23 4146.33561 -10791.726   360%  11.8 1635s
 397942 183650     cutoff  458      4146.33561 -10791.726   360%  11.8 1640s
 399358 184041 -10791.726  243   49 4146.33561 -10791.726   360%  11.8 1646s
 400789 184816 -10516.283  252   28 4146.33561 -10791.726   360%  11.8 1652s
 401499 185309     cutoff  236      4146.33561 -10791.726   360%  11.8 1655s
 402222 185761 -10592.067  354   28 4146.33561 -10791.726   360%  11.8 1663s
 403183 186059 -10476.359  302   10 4146.33561 -10791.726   360%  11.8 1665s
 404393 186695 -10447.534  323   43 4146.33561 -10791.725   360%  11.8 1672s
 405510 187279 -10546.084  309   32 4146.33561 -10791.725   360%  11.8 1675s
 407008 187824 -10146.184  312   58 4146.33561 -10791.725   360%  11.8 1681s
 408310 188515 -10296.784  339   60 4146.33561 -10791.725   360%  11.8 1687s
 409014 188941 -10791.725  298   51 4146.33561 -10791.725   360%  11.8 1690s
 410703 189501 -10181.974  310   25 4146.33561 -10791.725   360%  11.8 1697s
 411969 189589 -10498.096  309   63 4146.33561 -10791.725   360%  11.8 1700s
 413963 190184 -10791.725  312   44 4146.33561 -10791.725   360%  11.8 1706s
 415771 190757 infeasible  316      4146.33561 -10791.725   360%  11.8 1712s
 417048 190937 infeasible  327      4146.33561 -10791.725   360%  11.8 1720s
 418516 191529 -10232.109  381   16 4146.33561 -10791.725   360%  11.8 1727s
 419335 191903 -10167.906  328   40 4146.33561 -10791.725   360%  11.8 1730s
 421165 192632 -10181.974  302   42 4146.33561 -10791.725   360%  11.8 1737s
 422213 193207 -10568.585  309   25 4146.33561 -10791.725   360%  11.8 1741s
 424088 194133 -10153.165  373   45 4146.33561 -10791.725   360%  11.8 1748s
 425085 194249 -10306.855  340   16 4146.33561 -10791.725   360%  11.8 1750s
 426153 194572 -10371.586  348   14 4146.33561 -10791.725   360%  11.9 1756s
 426890 194757 -10172.164  320   67 4146.33561 -10791.725   360%  11.9 1760s
 428246 195067 -10791.725  316   47 4146.33561 -10791.725   360%  11.9 1766s
 429824 195531     cutoff  356      4146.33561 -10791.725   360%  11.9 1773s
 430661 195797 -10524.549  329   59 4146.33561 -10791.725   360%  11.9 1776s
 432227 196272     cutoff  352      4146.33561 -10791.724   360%  11.9 1787s
 432940 196588 -10572.944  332   31 4146.33561 -10791.724   360%  11.9 1790s
 434585 197315 -10386.943  372   16 4146.33561 -10791.724   360%  11.9 1797s
 435543 197686 -10561.471  362   53 4146.33561 -10791.724   360%  11.9 1800s
 437000 198509 -10463.439  351   41 4146.33561 -10791.724   360%  11.9 1806s
 437722 198812 infeasible  362      4146.33561 -10791.724   360%  11.9 1810s
 439083 199536 -10371.586  379   17 4146.33561 -10791.724   360%  12.0 1816s
 439848 199932 -10402.271  421   19 4146.33561 -10791.724   360%  12.0 1820s
 441250 200762 -10339.674  485   31 4146.33561 -10791.724   360%  12.0 1828s
 442037 201151     cutoff  510      4146.33561 -10791.724   360%  12.0 1831s
 442893 201446 -10692.190  360   63 4146.33561 -10791.724   360%  12.0 1835s
 444792 202291 infeasible  370      4146.33561 -10791.724   360%  12.0 1842s
 445785 202624 -10060.242  360   39 4146.33561 -10791.724   360%  12.0 1845s
 446697 202833 -10782.583  376   43 4146.33561 -10791.724   360%  12.0 1853s
 447489 202992 -10357.371  371   70 4146.33561 -10791.724   360%  12.0 1855s
 448796 203523 -10560.184  405   30 4146.33561 -10791.724   360%  12.1 1862s
 449350 203854 infeasible  423      4146.33561 -10791.724   360%  12.1 1865s
 450724 204321 -10524.549  372   16 4146.33561 -10791.724   360%  12.1 1872s
 451907 204605 infeasible  379      4146.33561 -10791.724   360%  12.1 1876s
 453227 205033 infeasible  377      4146.33561 -10791.724   360%  12.1 1882s
 453973 205384 -10510.313  367   60 4146.33561 -10791.724   360%  12.1 1886s
 454969 205664 -9414.4870  378   38 4146.33561 -10791.724   360%  12.1 1890s
 456807 206140 -10418.503  374   58 4146.33561 -10791.724   360%  12.2 1897s
 457801 206495     cutoff  387      4146.33561 -10791.724   360%  12.2 1901s
 459734 207088 -10791.724  361   56 4146.33561 -10791.724   360%  12.2 1907s
 460623 207357 -10791.724  360   44 4146.33561 -10791.724   360%  12.2 1911s
 461630 207572 -10351.786  379   10 4146.33561 -10791.724   360%  12.2 1918s
 462247 207933 -10560.184  394   30 4146.33561 -10791.724   360%  12.3 1923s
 463151 208099 -10476.359  370   25 4146.33561 -10791.724   360%  12.3 1926s
 464021 208395 -10791.724  352   56 4146.33561 -10791.724   360%  12.3 1930s
 465710 209019 -10212.916  374   18 4146.33561 -10791.724   360%  12.3 1937s
 466506 209394 -10651.142  364   33 4146.33561 -10791.724   360%  12.3 1940s
 467889 210164     cutoff  389      4146.33561 -10791.724   360%  12.3 1947s
 468748 210350     cutoff  379      4146.33561 -10791.724   360%  12.3 1951s
 469678 210655 -10481.987  381   28 4146.33561 -10791.724   360%  12.3 1955s
 471298 211436 -10782.583  366   31 4146.33561 -10791.724   360%  12.3 1962s
 472153 211831 -10432.497  371   14 4146.33561 -10791.724   360%  12.3 1965s
 473966 212366 -10293.388  382   13 4146.33561 -10791.724   360%  12.4 1972s
 474952 212641 -10293.388  399   18 4146.33561 -10791.724   360%  12.4 1975s
 476646 212882 infeasible  374      4146.33561 -10791.724   360%  12.4 1986s
 477166 213285 -10683.050  370   43 4146.33561 -10791.724   360%  12.4 1990s
 479017 213825 -10160.221  378   29 4146.33561 -10791.724   360%  12.4 1997s
 479905 214168 -10510.694  377   35 4146.33561 -10791.724   360%  12.5 2001s
 482006 214892 -10060.242  394   10 4146.33561 -10791.724   360%  12.5 2008s
 482939 215136 -10780.616  366   88 4146.33561 -10791.724   360%  12.5 2011s
 484508 215725 -10791.724  360   66 4146.33561 -10791.724   360%  12.5 2018s
 485217 216069 -10432.497  379   25 4146.33561 -10791.724   360%  12.5 2021s
 485966 216491 -10791.724  360   61 4146.33561 -10791.724   360%  12.5 2025s
 487594 216967 -10791.724  370   58 4146.33561 -10791.724   360%  12.5 2032s
 488448 217160 -10692.191  372   42 4146.33561 -10791.724   360%  12.5 2035s
 490098 217854 -10431.881  387   10 4146.33561 -10791.724   360%  12.5 2043s
 490964 218079 -10791.724  364   68 4146.33561 -10791.724   360%  12.5 2046s
 491757 218328 -10560.184  392   41 4146.33561 -10791.724   360%  12.5 2053s
 492442 218667 -10409.434  430   40 4146.33561 -10791.724   360%  12.5 2056s
 493303 219009 -10210.775  518   14 4146.33561 -10791.724   360%  12.6 2060s
 495024 219650 -10791.724  369   70 4146.33561 -10791.724   360%  12.6 2066s
 496766 220253 -10534.679  369   88 4146.33561 -10791.724   360%  12.6 2072s
 497491 220534 -10560.184  382   44 4146.33561 -10791.724   360%  12.6 2075s
 499101 221132     cutoff  512      4146.33561 -10791.724   360%  12.6 2082s
 499847 221467 -10791.724  361   76 4146.33561 -10791.724   360%  12.6 2085s
 501240 222390 -10371.586  377   23 4146.33561 -10791.724   360%  12.6 2092s
 502024 222691 -10409.434  418   35 4146.33561 -10791.724   360%  12.6 2095s
 503820 223208 -10409.423  495   43 4146.33561 -10791.724   360%  12.6 2102s
 504797 223513 -10602.746  361   42 4146.33561 -10791.724   360%  12.6 2105s
 506665 224119     cutoff  373      4146.33561 -10791.724   360%  12.6 2116s
 508267 224503     cutoff  373      4146.33561 -10791.724   360%  12.6 2122s
 509123 224818 -10432.497  385   19 4146.33561 -10791.724   360%  12.7 2125s
 510590 225543 -10510.694  377   16 4146.33561 -10791.724   360%  12.7 2131s
 512263 226032     cutoff  391      4146.33561 -10791.724   360%  12.7 2137s
 513140 226345 -10510.694  372   27 4146.33561 -10791.724   360%  12.7 2140s
 514881 226933 infeasible  374      4146.33561 -10791.724   360%  12.7 2146s
 515643 227433 -10471.132  375   28 4146.33561 -10791.724   360%  12.7 2150s
 517298 228098     cutoff  380      4146.33561 -10791.724   360%  12.7 2156s
 518882 228784 -10227.934  513   16 4146.33561 -10791.724   360%  12.7 2162s
 519761 229124 -10060.242  391   16 4146.33561 -10791.724   360%  12.7 2165s
 521379 229772 -10409.434  400   27 4146.33561 -10791.724   360%  12.8 2176s
 522929 230283 -10510.694  385   46 4146.33561 -10791.724   360%  12.8 2183s
 523762 230734 -10409.434  404   26 4146.33561 -10791.724   360%  12.8 2186s
 525449 231525 -10466.771  367   78 4146.33561 -10791.724   360%  12.8 2192s
 526335 231733 infeasible  378      4146.33561 -10791.724   360%  12.8 2195s
 528050 232354 -10692.191  369   66 4146.33561 -10791.724   360%  12.8 2202s
 528916 232713     cutoff  387      4146.33561 -10791.724   360%  12.8 2205s
 530400 233096 -10239.220  393   78 4146.33561 -10791.724   360%  12.8 2212s
 531218 233364 -10782.583  365   48 4146.33561 -10791.724   360%  12.8 2215s
 532466 233640 infeasible  371      4146.33561 -10791.724   360%  12.9 2221s
 533521 234023     cutoff  389      4146.33561 -10791.724   360%  12.9 2227s
 534471 234346 -10560.184  380   30 4146.33561 -10791.724   360%  12.9 2231s
 536160 234692 -10308.144  377   51 4146.33561 -10791.724   360%  12.9 2241s
 536889 234960 -10657.857  361   34 4146.33561 -10791.724   360%  12.9 2245s
 538446 235541 -10560.184  383   55 4146.33561 -10791.724   360%  13.0 2251s
 539300 235863 -10510.694  373   39 4146.33561 -10791.724   360%  13.0 2255s
 540803 236426 -9821.0088  418   26 4146.33561 -10791.724   360%  13.0 2262s
 541721 236688 -10537.693  372   23 4146.33561 -10791.724   360%  13.0 2265s
 543357 237221 -10496.627  375   14 4146.33561 -10791.724   360%  13.0 2272s
 544126 237544 -10791.724  371   45 4146.33561 -10791.724   360%  13.0 2276s
 546254 237954 infeasible  374      4146.33561 -10791.724   360%  13.0 2282s
 547133 238245 -10782.583  365   41 4146.33561 -10791.724   360%  13.0 2286s
 548871 238834 -9771.5187  405   14 4146.33561 -10791.724   360%  13.1 2292s
 549731 239047 infeasible  369      4146.33561 -10791.724   360%  13.1 2296s
 551266 239578 -10651.142  363   42 4146.33561 -10791.724   360%  13.1 2307s
 551846 239985 -10787.703  369   96 4146.33561 -10791.724   360%  13.1 2311s
 554135 240315 infeasible  366      4146.33561 -10791.724   360%  13.1 2316s
 555448 240682 -10510.694  376   30 4146.33561 -10791.724   360%  13.1 2321s
 556828 241100 -10471.132  375   40 4146.33561 -10791.724   360%  13.2 2328s
 557596 241200 -10510.694  383   10 4146.33561 -10791.724   360%  13.2 2330s
 558799 241842     cutoff  375      4146.33561 -10791.724   360%  13.2 2337s
 559638 242156 -10692.191  370   31 4146.33561 -10791.724   360%  13.2 2340s
 561456 242773 -10646.782  382   57 4146.33561 -10791.724   360%  13.2 2346s
 562931 243410 -10378.685  389   21 4146.33561 -10791.724   360%  13.2 2353s
 563750 243985 -10530.484  378   66 4146.33561 -10791.724   360%  13.2 2356s
 565243 244221 infeasible  367      4146.33561 -10791.724   360%  13.2 2360s
 565951 244499 -10541.637  376   28 4146.33561 -10791.724   360%  13.2 2367s
 566697 244854 infeasible  394      4146.33561 -10791.724   360%  13.2 2370s
 568341 245451 -9882.1330  396   11 4146.33561 -10791.724   360%  13.2 2377s
 569204 245845 -10194.557  347   19 4146.33561 -10791.724   360%  13.2 2380s
 571277 246336 -10791.724  349   45 4146.33561 -10791.724   360%  13.2 2386s
 572036 246656 -10791.724  349   54 4146.33561 -10791.724   360%  13.2 2390s
 573828 247150 -10164.643  353   26 4146.33561 -10791.724   360%  13.2 2395s
 575403 247900     cutoff  370      4146.33561 -10791.724   360%  13.2 2402s
 576485 248151     cutoff  378      4146.33561 -10791.724   360%  13.2 2405s
 578069 248693 -10244.047  388   64 4146.33561 -10791.724   360%  13.2 2411s
 579588 248996 -10154.994  383   33 4146.33561 -10791.724   360%  13.2 2417s
 580605 249216 infeasible  380      4146.33561 -10791.724   360%  13.2 2425s
 582488 249478     cutoff  379      4146.33561 -10791.724   360%  13.2 2430s
 583651 249620     cutoff  372      4146.33561 -10791.724   360%  13.2 2435s
 585085 249737 -10782.583  368   35 4146.33561 -10791.724   360%  13.2 2441s
 586485 249939     cutoff  390      4146.33561 -10791.724   360%  13.2 2446s
 587901 250071 -10103.161  381   24 4146.33561 -10791.724   360%  13.3 2452s
 588584 250116 infeasible  379      4146.33561 -10791.724   360%  13.3 2456s
 590034 250272 infeasible  381      4146.33561 -10791.724   360%  13.3 2462s
 590780 250370     cutoff  384      4146.33561 -10791.724   360%  13.3 2465s
 592266 250527 infeasible  380      4146.33561 -10791.724   360%  13.4 2472s
 592974 250576 -10791.724  376   57 4146.33561 -10791.724   360%  13.4 2475s
 594489 250746     cutoff  373      4146.33561 -10791.724   360%  13.4 2482s
 595328 250810 -10353.298  385   76 4146.33561 -10791.724   360%  13.4 2490s
 596690 250826 -10782.583  373   35 4146.33561 -10791.724   360%  13.4 2496s
 596903 251070     cutoff  376      4146.33561 -10791.724   360%  13.4 2501s
 598103 251255     cutoff  382      4146.33561 -10791.724   360%  13.4 2505s
 599136 251613 -10312.869  371   79 4146.33561 -10791.724   360%  13.5 2510s
 601117 252206 -10160.221  363   16 4146.33561 -10791.724   360%  13.4 2518s
 602225 252523 -10196.520  375   38 4146.33561 -10791.724   360%  13.4 2521s
 603235 252772 -9762.3767  374   15 4146.33561 -10791.724   360%  13.4 2525s
 605148 253390     cutoff  363      4146.33561 -10791.724   360%  13.4 2532s
 605962 253772 -10379.971  376   30 4146.33561 -10791.724   360%  13.4 2535s
 607938 254464 -10560.185  371   44 4146.33561 -10791.724   360%  13.4 2542s
 608960 254724 -10154.994  374   14 4146.33561 -10791.724   360%  13.4 2545s
 610575 255292 -10537.693  366   16 4146.33561 -10791.724   360%  13.4 2557s
 611424 255573 -10196.520  373   24 4146.33561 -10791.724   360%  13.4 2560s
 613521 256244     cutoff  379      4146.33561 -10791.724   360%  13.4 2565s
 615174 256768 -10782.583  363   39 4146.33561 -10791.724   360%  13.4 2570s
 616677 257327     cutoff  389      4146.33561 -10791.724   360%  13.4 2575s
 618331 257930 -10379.971  369   43 4146.33561 -10791.724   360%  13.4 2581s
 620041 258519 -10510.694  388   43 4146.33561 -10791.724   360%  13.4 2586s
 621727 259030 -10286.608  344   37 4146.33561 -10791.724   360%  13.4 2591s
 623370 259788 -10524.549  366   31 4146.33561 -10791.724   360%  13.4 2596s
 625018 260241 -10221.555  363   17 4146.33561 -10791.724   360%  13.4 2607s
 625897 260484 -10510.694  370   14 4146.33561 -10791.724   360%  13.4 2610s
 627602 260967 -10194.557  376   33 4146.33561 -10791.724   360%  13.4 2616s
 629342 261530 -10791.724  373   31 4146.33561 -10791.724   360%  13.4 2621s
 631399 262123 -10154.994  378   29 4146.33561 -10791.724   360%  13.4 2627s
 632461 262343 -10474.824  351   27 4146.33561 -10791.724   360%  13.4 2630s
 634354 262799 -10194.557  356   25 4146.33561 -10791.724   360%  13.4 2635s
 635915 263134 -10154.732  383   60 4146.33561 -10791.724   360%  13.4 2641s
 637626 263503     cutoff  375      4146.33561 -10791.724   360%  13.4 2645s
 639240 264036 -9737.7956  389   28 4146.33561 -10791.724   360%  13.4 2650s
 639997 264470 -10782.583  355   26 4146.33561 -10791.724   360%  13.4 2658s
 641105 264830 -10782.583  356   29 4146.33561 -10791.724   360%  13.4 2661s
 642705 265505 -10296.784  385   37 4146.33561 -10791.724   360%  13.4 2666s
 644242 266310 -10777.505  361   64 4146.33561 -10791.724   360%  13.3 2671s
 645525 266884 -10469.628  378   10 4146.33561 -10791.724   360%  13.4 2676s
 646876 267724 -10371.586  370   44 4146.33561 -10791.724   360%  13.4 2682s
 648538 268379     cutoff  400      4146.33561 -10791.724   360%  13.4 2687s
 649235 268724     cutoff  377      4146.33561 -10791.724   360%  13.4 2690s
 650564 269320 infeasible  361      4146.33561 -10791.724   360%  13.4 2695s
 652076 269931     cutoff  359      4146.33561 -10791.724   360%  13.4 2701s
 652770 270395 -10791.724  358   53 4146.33561 -10791.724   360%  13.4 2705s
 654633 271248     cutoff  374      4146.33561 -10791.724   360%  13.4 2716s
 656253 271707 -10692.190  357   40 4146.33561 -10791.724   360%  13.4 2720s
 657649 272464 -10474.824  380   31 4146.33561 -10791.724   360%  13.4 2725s
 659460 273171 -9928.2318  376   12 4146.33561 -10791.724   360%  13.4 2732s
 660781 273996     cutoff  377      4146.33561 -10791.724   360%  13.4 2738s
 661900 274338 -9632.4103  387   11 4146.33561 -10791.724   360%  13.4 2740s
 663182 275057     cutoff  381      4146.33561 -10791.724   360%  13.4 2746s
 664988 275907     cutoff  393      4146.33561 -10791.724   360%  13.4 2752s
 665802 276248 -10294.909  388   11 4146.33561 -10791.724   360%  13.4 2755s
 667376 276816     cutoff  377      4146.33561 -10791.724   360%  13.4 2762s
 668254 277237 -10602.746  355   21 4146.33561 -10791.724   360%  13.4 2765s
 669445 277499     cutoff  357      4146.33561 -10791.724   360%  13.4 2773s
 670349 277762 -9771.5187  376   19 4146.33561 -10791.724   360%  13.4 2776s
 672389 278625     cutoff  366      4146.33561 -10791.724   360%  13.4 2781s
 674256 279257 -10359.944  369   10 4146.33561 -10791.724   360%  13.4 2786s
 675612 279671 -10782.582  372   24 4146.33561 -10791.724   360%  13.4 2792s
 677283 280025 -10791.724  368   43 4146.33561 -10791.724   360%  13.4 2796s
 678990 280222 infeasible  391      4146.33561 -10791.724   360%  13.4 2801s
 680252 280349 infeasible  381      4146.33561 -10791.724   360%  13.4 2806s
 681369 280455     cutoff  378      4146.33561 -10791.724   360%  13.4 2811s
 682592 280600 -10313.577  364   29 4146.33561 -10791.724   360%  13.4 2816s
 683874 280861 infeasible  395      4146.33561 -10791.724   360%  13.4 2827s
 684642 281073 -10037.867  397   13 4146.33561 -10791.724   360%  13.4 2830s
 686306 281945 -10512.657  386   36 4146.33561 -10791.724   360%  13.4 2836s
 687128 282593 -10350.802  381   10 4146.33561 -10791.724   360%  13.4 2840s
 689202 282964 -10575.122  387   31 4146.33561 -10791.724   360%  13.4 2845s
 689243 283241 -10496.627  389   11 4146.33561 -10791.724   360%  13.4 2850s
 690543 283891 -10523.714  393   18 4146.33561 -10791.724   360%  13.4 2857s
 691245 284171     cutoff  351      4146.33561 -10791.724   360%  13.4 2860s
 693061 285009 -10501.552  402   50 4146.33561 -10791.724   360%  13.4 2866s
 694946 285925 -10664.781  389   63 4146.33561 -10791.724   360%  13.4 2872s
 695708 286359 -10692.189  387   35 4146.33561 -10791.724   360%  13.4 2875s
 697651 286806 -10546.084  373   53 4146.33561 -10791.724   360%  13.4 2881s
 698768 286776 infeasible  385      4146.33561 -10791.724   360%  13.4 2889s
 698838 287101 -10791.724  378   58 4146.33561 -10791.724   360%  13.4 2914s
 703566 287270 -10474.824  388   25 4146.33561 -10791.724   360%  13.5 2919s
 704537 287362     cutoff  365      4146.33561 -10791.724   360%  13.5 2924s
 706381 287445 -10422.621  367   73 4146.33561 -10791.724   360%  13.5 2929s
 707952 287462 infeasible  362      4146.33561 -10791.724   360%  13.5 2932s
 708581 287549 -10791.724  361   50 4146.33561 -10791.724   360%  13.5 2937s
 710065 287584 infeasible  360      4146.33561 -10791.724   360%  13.5 2940s
 711361 287744     cutoff  365      4146.33561 -10791.724   360%  13.5 2947s
 712609 287708 infeasible  368      4146.33561 -10791.724   360%  13.5 2950s
 714476 287830     cutoff  369      4146.33561 -10791.724   360%  13.5 2961s
 715012 287942 -10791.038  356   78 4146.33561 -10791.724   360%  13.5 2966s
 717253 288140 -9380.8525  384   34 4146.33561 -10791.724   360%  13.5 2972s
 718729 288225 -10782.582  381   24 4146.33561 -10791.724   360%  13.6 2977s
 719493 288236 -10353.684  356   17 4146.33561 -10791.724   360%  13.6 2980s
 720792 288298 infeasible  363      4146.33561 -10791.724   360%  13.6 2985s
 722243 288409     cutoff  367      4146.33561 -10791.724   360%  13.6 2992s
 722889 288455 -10353.684  367   14 4146.33561 -10791.724   360%  13.6 2995s
 724441 288704     cutoff  389      4146.33561 -10791.724   360%  13.6 3002s
 725210 288779 -10115.744  373   38 4146.33561 -10791.724   360%  13.7 3005s
 726619 288787 -10489.436  379   50 4146.33561 -10791.724   360%  13.7 3011s
 727996 289100 -10791.724  375   46 4146.33561 -10791.724   360%  13.7 3018s
 728787 289418     cutoff  400      4146.33561 -10791.724   360%  13.7 3021s
 729521 289704 -10553.022  411   14 4146.33561 -10791.724   360%  13.7 3029s
 730287 290046 -10791.724  381   53 4146.33561 -10791.724   360%  13.7 3032s
 731064 290472 -10431.881  388   41 4146.33561 -10791.724   360%  13.7 3035s
 732796 291504 -10553.022  401   25 4146.33561 -10791.724   360%  13.7 3042s
 733977 291895 -10553.022  401   17 4146.33561 -10791.724   360%  13.7 3045s
 735479 292718 -10402.335  396   31 4146.33561 -10791.724   360%  13.7 3051s
 737456 293473 -10313.131  390   45 4146.33561 -10791.724   360%  13.7 3057s
 738371 293806 -9737.7956  397   32 4146.33561 -10791.724   360%  13.7 3061s
 739850 294601     cutoff  397      4146.33561 -10791.724   360%  13.7 3067s
 740938 294880     cutoff  403      4146.33561 -10791.724   360%  13.7 3070s
 742352 295450     cutoff  407      4146.33561 -10791.724   360%  13.7 3075s
 743812 296252 -9737.7956  398   20 4146.33561 -10791.724   360%  13.7 3082s
 744984 296641 -10683.050  378   40 4146.33561 -10791.724   360%  13.7 3090s
 746645 297551     cutoff  395      4146.33561 -10791.724   360%  13.7 3097s
 747600 297911 -10386.943  396   38 4146.33561 -10791.724   360%  13.7 3100s
 749254 298782     cutoff  404      4146.33561 -10791.724   360%  13.7 3107s
 750506 299140 -10359.944  392   23 4146.33561 -10791.724   360%  13.7 3110s
 752418 299960     cutoff  396      4146.33561 -10791.724   360%  13.7 3116s
 754174 300650 -10692.189  380   34 4146.33561 -10791.724   360%  13.7 3122s
 754931 301060 -10051.099  396   36 4146.33561 -10791.724   360%  13.7 3125s
 756732 301735 -10553.022  369   13 4146.33561 -10791.724   360%  13.7 3131s
 758296 302412     cutoff  397      4146.33561 -10791.724   360%  13.7 3136s
 759969 303129 infeasible  386      4146.33561 -10791.724   360%  13.7 3147s
 760754 303605     cutoff  407      4146.33561 -10791.724   360%  13.7 3150s
 762606 304147 -10791.724  380   53 4146.33561 -10791.724   360%  13.7 3156s
 764557 305067     cutoff  412      4146.33561 -10791.724   360%  13.7 3161s
 766214 305768 -10501.552  390   23 4146.33561 -10791.724   360%  13.7 3167s
 766953 306208     cutoff  392      4146.33561 -10791.724   360%  13.7 3170s
 768653 306833 -10471.132  382   23 4146.33561 -10791.724   360%  13.7 3175s
 770188 307532 -10510.694  405   14 4146.33561 -10791.724   360%  13.7 3181s
 771658 308321 -10692.189  387   67 4146.33561 -10791.724   360%  13.7 3187s
 772544 308628 infeasible  387      4146.33561 -10791.724   360%  13.7 3190s
 774281 309382 -10402.271  411   23 4146.33561 -10791.724   360%  13.7 3196s
 774979 309703 -10087.240  387   19 4146.33561 -10791.724   360%  13.7 3203s
 775802 310200 -10553.086  392   32 4146.33561 -10791.724   360%  13.7 3207s
 777538 310714 -10692.189  388   59 4146.33561 -10791.724   360%  13.7 3212s
 778179 311226 -10281.131  394   23 4146.33561 -10791.724   360%  13.7 3215s
 780061 311879 -9737.7956  404   32 4146.33561 -10791.724   360%  13.6 3221s
 781446 312651 -10657.855  382   32 4146.33561 -10791.724   360%  13.6 3227s
 782419 313033 -10683.048  371   28 4146.33561 -10791.724   360%  13.6 3230s
 784092 313911     cutoff  401      4146.33561 -10791.724   360%  13.6 3236s
 785839 314655 -10387.750  400   43 4146.33561 -10791.724   360%  13.6 3242s
 786584 315133     cutoff  400      4146.33561 -10791.724   360%  13.6 3245s
 788394 315538 -10338.324  395   29 4146.33561 -10791.724   360%  13.6 3250s
 788918 316307 -10220.835  400   14 4146.33561 -10791.724   360%  13.6 3256s
 789949 316624     cutoff  400      4146.33561 -10791.724   360%  13.6 3263s
 790558 317212 -10553.022  396   35 4146.33561 -10791.724   360%  13.6 3268s
 791684 317635 -10501.552  376   31 4146.33561 -10791.724   360%  13.6 3271s
 792585 318049 -9607.8291  405   31 4146.33561 -10791.724   360%  13.6 3275s
 794250 318835 infeasible  405      4146.33561 -10791.724   360%  13.6 3281s
 796222 319803 -10553.086  374   32 4146.33561 -10791.724   360%  13.6 3287s
 797009 320384 -10629.032  377   28 4146.33561 -10791.724   360%  13.6 3290s
 798961 321349 -10371.586  386   17 4146.33561 -10791.724   360%  13.6 3296s
 800931 322241 -10657.855  369   35 4146.33561 -10791.724   360%  13.6 3302s
 801957 322701 -10575.122  373   25 4146.33561 -10791.724   360%  13.6 3305s
 803554 323469 -10220.835  391   25 4146.33561 -10791.724   360%  13.6 3311s
 804499 323856 -10220.835  399   14 4146.33561 -10791.724   360%  13.6 3318s
 805172 324489 -10402.335  400   40 4146.33561 -10791.724   360%  13.6 3322s
 806608 324897 -10692.191  374   60 4146.33561 -10791.724   360%  13.6 3325s
 808281 325677     cutoff  396      4146.33561 -10791.724   360%  13.6 3330s
 809829 326583 -10447.534  391   10 4146.33561 -10791.724   360%  13.6 3335s
 811581 327499 -9737.7956  391   28 4146.33561 -10791.724   360%  13.6 3341s
 813475 328486 -10657.857  370   25 4146.33561 -10791.724   360%  13.6 3346s
 814926 329385 -10624.282  372   35 4146.33561 -10791.724   360%  13.6 3351s
 816796 330352 infeasible  405      4146.33561 -10791.724   360%  13.6 3357s
 817509 330913 -10683.048  373   39 4146.33561 -10791.724   360%  13.6 3360s
 819255 331848 -10781.247  365   64 4146.33561 -10791.724   360%  13.6 3370s
 820825 332770 -10220.835  402   41 4146.33561 -10791.724   360%  13.6 3375s
 822607 333659 -9737.7956  405   29 4146.33561 -10791.724   360%  13.6 3381s
 824279 334637 -10692.189  372   46 4146.33561 -10791.724   360%  13.6 3386s
 826177 335469 -10791.724  365   27 4146.33561 -10791.724   360%  13.6 3391s
 827772 336546     cutoff  392      4146.33561 -10791.724   360%  13.6 3397s
 828484 336873 -10371.586  390   22 4146.33561 -10791.724   360%  13.6 3400s
 830090 337728 -10510.694  401   30 4146.33561 -10791.724   360%  13.6 3405s
 831891 338646 -10575.122  375   18 4146.33561 -10791.724   360%  13.5 3410s
 833479 339509 -10431.881  385   10 4146.33561 -10791.724   360%  13.5 3416s
 834063 340101 -10431.881  393   23 4146.33561 -10791.724   360%  13.5 3424s
 835196 340461 -10371.586  386   22 4146.33561 -10791.724   360%  13.5 3426s
 836501 341436 -10692.189  369   39 4146.33561 -10791.724   360%  13.5 3432s
 838403 342290 -9921.1330  412   24 4146.33561 -10791.724   360%  13.5 3437s
 840104 343125 -10510.694  388   33 4146.33561 -10791.724   360%  13.5 3442s
 841284 343861 -10692.191  366   24 4146.33561 -10791.724   360%  13.5 3447s
 842055 344326 -10471.132  370   13 4146.33561 -10791.724   360%  13.5 3450s
 843608 345160     cutoff  396      4146.33561 -10791.724   360%  13.5 3455s
 845286 346015 -10299.394  391   25 4146.33561 -10791.724   360%  13.5 3461s
 846887 346795 -10575.122  374   18 4146.33561 -10791.724   360%  13.5 3466s
 848639 347800 infeasible  370      4146.33561 -10791.724   360%  13.5 3477s
 849461 348364 -10459.552  388   24 4146.33561 -10791.724   360%  13.5 3480s
 851319 349309 -10501.552  384   20 4146.33561 -10791.724   360%  13.5 3486s
 852856 350223 -10350.802  380   14 4146.33561 -10791.724   360%  13.5 3491s
 854607 351035 -10784.067  369   56 4146.33561 -10791.724   360%  13.5 3497s
 856082 351794     cutoff  393      4146.33561 -10791.724   360%  13.5 3502s
 857054 352257 -10782.582  375   27 4146.33561 -10791.724   360%  13.5 3505s
 858837 353225 -10785.088  369   56 4146.33561 -10791.724   360%  13.5 3510s
 860476 354044 -10431.881  383   21 4146.33561 -10791.724   360%  13.5 3516s
 861767 354901 -9632.4103  414   27 4146.33561 -10791.724   360%  13.5 3521s
 863615 355915     cutoff  384      4146.33561 -10791.724   360%  13.5 3532s
 864483 356374 -10501.552  379   21 4146.33561 -10791.724   360%  13.5 3535s
 866075 357172 -10692.191  376   46 4146.33561 -10791.724   360%  13.5 3541s
 867769 357688 -10320.382  391   17 4146.33561 -10791.724   360%  13.5 3547s
 868563 357877     cutoff  392      4146.33561 -10791.724   360%  13.5 3550s
 870333 358189 -10142.411  391   35 4146.33561 -10791.724   360%  13.5 3555s
 871652 358418     cutoff  378      4146.33561 -10791.724   360%  13.5 3561s
 872890 358598 -10154.994  390   35 4146.33561 -10791.724   360%  13.5 3566s
 874088 358645 -10286.608  396   55 4146.33561 -10791.724   360%  13.5 3571s
 875391 358719 -10524.549  371   25 4146.33561 -10791.724   360%  13.6 3577s
 876010 358778     cutoff  379      4146.33561 -10791.724   360%  13.6 3580s
 877410 358807 -10524.549  396   36 4146.33561 -10791.724   360%  13.6 3587s
 878135 358836 -10341.717  387   30 4146.33561 -10791.724   360%  13.6 3594s
 878798 358851     cutoff  376      4146.33561 -10791.724   360%  13.6 3597s
 879551 358888 -10115.744  376   30 4146.33561 -10791.724   360%  13.6 3601s
 880434 358929     cutoff  390      4146.33561 -10791.724   360%  13.6 3605s
 882188 359255 -9471.4005  393   45 4146.33561 -10791.724   360%  13.6 3612s
 883139 359420 -10224.301  408   16 4146.33561 -10791.724   360%  13.6 3616s
 885197 359787     cutoff  384      4146.33561 -10791.724   360%  13.6 3623s
 886197 360016 infeasible  380      4146.33561 -10791.724   360%  13.6 3626s
 887340 360203 infeasible  391      4146.33561 -10791.724   360%  13.6 3630s
 889298 360713 -10474.824  388   28 4146.33561 -10791.724   360%  13.6 3636s
 890315 360962 -10224.301  385   14 4146.33561 -10791.724   360%  13.6 3640s
 892171 361358 -10553.022  374   17 4146.33561 -10791.724   360%  13.6 3646s
 893178 361547 -10236.884  395   37 4146.33561 -10791.724   360%  13.6 3654s
 894145 361730     cutoff  362      4146.33561 -10791.724   360%  13.6 3656s
 895757 362076 -10553.022  378   13 4146.33561 -10791.724   360%  13.6 3662s
 896622 362304 -10553.022  389   24 4146.33561 -10791.724   360%  13.6 3665s
 898339 362679 -10553.022  386   34 4146.33561 -10791.724   360%  13.6 3670s
 900065 363092 -10236.884  403   10 4146.33561 -10791.724   360%  13.6 3676s
 901854 363407 -10236.884  391   26 4146.33561 -10791.724   360%  13.6 3681s
 903442 363844 -10224.301  376   22 4146.33561 -10791.724   360%  13.6 3686s
 904974 364044 infeasible  378      4146.33561 -10791.724   360%  13.6 3691s
 906318 364173 -10651.142  366   23 4146.33561 -10791.724   360%  13.6 3696s
 907432 364381 -10236.884  385   25 4146.33561 -10791.724   360%  13.6 3702s
 908226 364460     cutoff  382      4146.33561 -10791.724   360%  13.6 3709s
 908973 364577 -10791.724  379   41 4146.33561 -10791.724   360%  13.6 3713s
 909841 364625     cutoff  382      4146.33561 -10791.724   360%  13.6 3716s
 911319 364716 -10524.549  376   23 4146.33561 -10791.724   360%  13.6 3722s
 912164 364746 -10524.549  377   33 4146.33561 -10791.724   360%  13.6 3726s
 913677 364906     cutoff  383      4146.33561 -10791.724   360%  13.6 3732s
 914726 365170 -10329.135  383   26 4146.33561 -10791.724   360%  13.6 3736s
 916144 365326 -10224.301  393   10 4146.33561 -10791.724   360%  13.6 3742s
 917132 365458 infeasible  385      4146.33561 -10791.724   360%  13.6 3746s
 918928 365699 infeasible  379      4146.33561 -10791.724   360%  13.6 3753s
 919929 365880 infeasible  385      4146.33561 -10791.724   360%  13.6 3756s
 921949 366327 infeasible  402      4146.33561 -10791.724   360%  13.6 3762s
 922974 366715 infeasible  392      4146.33561 -10791.724   360%  13.6 3770s
 924839 367346 -10335.004  360   43 4146.33561 -10791.724   360%  13.6 3776s
 926502 367962 -10471.132  372   18 4146.33561 -10791.724   360%  13.6 3781s
 928180 368686 -10510.694  394   27 4146.33561 -10791.724   360%  13.6 3787s
 929691 369481 -10217.880  379   48 4146.33561 -10791.724   360%  13.6 3792s
 930552 369761     cutoff  392      4146.33561 -10791.724   360%  13.6 3795s
 932121 369983     cutoff  375      4146.33561 -10791.724   360%  13.6 3800s
 933674 370617 -10060.242  398   14 4146.33561 -10791.724   360%  13.6 3806s
 935424 371422 -10510.694  389   23 4146.33561 -10791.724   360%  13.6 3811s
 937199 372320 -10347.466  397   17 4146.33561 -10791.724   360%  13.6 3817s
 938133 372776 -10537.693  388   18 4146.33561 -10791.724   360%  13.6 3825s
 939887 373609 -10320.382  396   27 4146.33561 -10791.724   360%  13.6 3831s
 941426 374196 -10386.943  379   30 4146.33561 -10791.724   360%  13.6 3836s
 942982 375043 -10087.240  394   10 4146.33561 -10791.724   360%  13.6 3842s
 943899 375535 -10510.694  397   14 4146.33561 -10791.724   360%  13.6 3845s
 945575 376438 -10602.746  377   16 4146.33561 -10791.724   360%  13.6 3851s
 947397 377374 -10510.694  387   19 4146.33561 -10791.724   360%  13.6 3856s
 949305 378304 -10320.382  393   25 4146.33561 -10791.724   360%  13.6 3862s
 950081 378582     cutoff  382      4146.33561 -10791.724   360%  13.6 3865s
 951658 379402 -10154.994  395   24 4146.33561 -10791.724   360%  13.6 3870s
 952571 379837 -10194.557  371   22 4146.33561 -10791.724   360%  13.6 3878s
 953450 380390     cutoff  404      4146.33561 -10791.724   360%  13.6 3881s
 955189 381183 -10320.382  399   29 4146.33561 -10791.724   360%  13.6 3886s
 956868 382098 -10459.495  401   30 4146.33561 -10791.724   360%  13.6 3892s
 957671 382417 -10537.693  385   23 4146.33561 -10791.724   360%  13.6 3895s
 959258 383276 -10537.693  382   22 4146.33561 -10791.724   360%  13.6 3900s
 960943 383882 -10471.132  380   19 4146.33561 -10791.724   360%  13.5 3906s
 962597 384241 -10185.415  411   27 4146.33561 -10791.724   360%  13.5 3911s
 964392 384564 -10572.944  398   22 4146.33561 -10791.724   360%  13.5 3917s
 965878 384844 -10782.582  404   30 4146.33561 -10791.724   360%  13.5 3922s
 967330 384986 infeasible  406      4146.33561 -10791.724   360%  13.5 3932s
 968089 385217 -10791.724  395   35 4146.33561 -10791.724   360%  13.5 3935s
 969599 385496 -10196.520  384   27 4146.33561 -10791.724   360%  13.6 3942s
 970523 385527     cutoff  417      4146.33561 -10791.724   360%  13.6 3945s
 972011 385702 infeasible  409      4146.33561 -10791.724   360%  13.6 3951s
 973626 385825 -10295.561  416   21 4146.33561 -10791.724   360%  13.6 3958s
 974382 385813 -10572.944  419   19 4146.33561 -10791.724   360%  13.6 3961s
 975122 385826     cutoff  413      4146.33561 -10791.724   360%  13.6 3965s
 976737 385896 -10791.724  403   30 4146.33561 -10791.724   360%  13.6 3971s
 978303 386037 -10307.176  411   55 4146.33561 -10791.724   360%  13.6 3978s
 979144 386053 -10791.724  413   33 4146.33561 -10791.724   360%  13.7 3981s
 980696 386123     cutoff  416      4146.33561 -10791.724   360%  13.7 3988s
 981528 386179 -10791.724  406   51 4146.33561 -10791.724   360%  13.7 3991s
 982394 386175 infeasible  414      4146.33561 -10791.724   360%  13.7 3999s
 983030 386151     cutoff  410      4146.33561 -10791.724   360%  13.7 4002s
 983807 386170 infeasible  415      4146.33561 -10791.724   360%  13.7 4006s
 984577 386256 -10311.051  414   56 4146.33561 -10791.724   360%  13.7 4010s
 986322 386297 -10353.684  414   12 4146.33561 -10791.724   360%  13.7 4017s
 987302 386298 -10791.724  401   35 4146.33561 -10791.724   360%  13.8 4021s
 988379 386420 -8557.3473  421   13 4146.33561 -10791.724   360%  13.8 4028s
 989300 386434 -10613.992  404   50 4146.33561 -10791.724   360%  13.8 4032s
 990040 386505     cutoff  416      4146.33561 -10791.724   360%  13.8 4035s
 991825 386521 infeasible  410      4146.33561 -10791.724   360%  13.8 4043s
 992853 386584     cutoff  410      4146.33561 -10791.724   360%  13.8 4046s
 993718 386609 -10791.724  410   39 4146.33561 -10791.724   360%  13.8 4050s
 995498 386720 -10791.724  409   26 4146.33561 -10791.724   360%  13.8 4057s
 996364 386684     cutoff  411      4146.33561 -10791.724   360%  13.8 4061s
 998018 386899 infeasible  411      4146.33561 -10791.724   360%  13.9 4068s
 998877 387107 -9575.2420  426   16 4146.33561 -10791.724   360%  13.9 4076s
 1000492 387875 -10496.924  394   21 4146.33561 -10791.724   360%  13.9 4082s
 1001496 388122 -10459.495  407   28 4146.33561 -10791.724   360%  13.9 4085s
 1003234 389118 -10782.582  405   33 4146.33561 -10791.724   360%  13.9 4091s
 1004953 390007     cutoff  426      4146.33561 -10791.724   360%  13.9 4097s
 1005689 390440 -6005.5463  443   48 4146.33561 -10791.724   360%  13.9 4100s
 1007122 391275 -10553.022  428   37 4146.33561 -10791.724   360%  13.9 4106s
 1008676 392090     cutoff  424      4146.33561 -10791.724   360%  13.9 4112s
 1009403 392529 -10510.694  411   12 4146.33561 -10791.724   360%  13.9 4115s
 1010987 393261 -10651.142  405   22 4146.33561 -10791.724   360%  13.9 4122s
 1011746 393756 -10386.943  426   12 4146.33561 -10791.724   360%  13.9 4125s
 1012713 394183 -10445.660  440   18 4146.33561 -10791.724   360%  13.9 4131s
 1013513 394681 -10501.552  421   26 4146.33561 -10791.724   360%  13.9 4138s
 1014239 395189 -10447.534  432   47 4146.33561 -10791.724   360%  13.9 4142s
 1015205 395629 -9405.5414  438   65 4146.33561 -10791.724   360%  13.9 4145s
 1016786 396353 -10692.191  406   37 4146.33561 -10791.724   360%  13.9 4151s
 1018537 397160 -10389.794  418   37 4146.33561 -10791.724   360%  13.9 4157s
 1019434 397528 infeasible  397      4146.33561 -10791.724   360%  13.9 4160s
 1021381 398590 -10447.534  420   12 4146.33561 -10791.724   360%  13.9 4166s
 1022995 399554 -10122.627  402   28 4146.33561 -10791.724   360%  13.9 4173s
 1024170 399973 -10553.022  417   30 4146.33561 -10791.724   360%  13.9 4176s
 1025589 400909 -8895.3829  447   28 4146.33561 -10791.724   360%  13.9 4182s
 1026737 401395 -10692.191  409   29 4146.33561 -10791.724   360%  13.9 4185s
 1028547 402299 -10511.930  410   33 4146.33561 -10791.724   360%  13.9 4195s
 1030476 403264 -10532.297  419   30 4146.33561 -10791.724   360%  13.9 4202s
 1032197 404161 -10496.627  416   39 4146.33561 -10791.724   360%  13.9 4207s
 1032736 404519     cutoff  426      4146.33561 -10791.724   360%  13.9 4210s
 1034257 405610 -10541.441  410   26 4146.33561 -10791.724   360%  13.9 4215s
 1036550 406556     cutoff  406      4146.33561 -10791.724   360%  13.9 4220s
 1038121 407603 -10501.552  412   24 4146.33561 -10791.724   360%  13.9 4225s
 1039968 408448 -10471.132  409   14 4146.33561 -10791.724   360%  13.9 4231s
 1041251 409193     cutoff  428      4146.33561 -10791.724   360%  13.9 4236s
 1042244 409294 -10293.764  439   57 4146.33561 -10791.724   360%  13.9 4241s
 1042930 409832 -10431.881  399   24 4146.33561 -10791.724   360%  13.9 4246s
 1043548 410250 -10338.324  440   21 4146.33561 -10791.724   360%  13.9 4254s
 1044440 410571 -10391.729  415   37 4146.33561 -10791.724   360%  13.9 4257s
 1045084 411105 -10692.191  396   47 4146.33561 -10791.724   360%  13.9 4260s
 1046994 412127     cutoff  431      4146.33561 -10791.724   360%  13.9 4266s
 1048875 413318 -10465.285  411    9 4146.33561 -10791.724   360%  13.9 4272s
 1049728 413814 -9701.5288  446   30 4146.33561 -10791.724   360%  13.9 4275s
 1051435 414790 -9712.6022  432   11 4146.33561 -10791.724   360%  13.9 4280s
 1053531 415766 -10782.582  397   29 4146.33561 -10791.724   360%  13.9 4285s
 1055327 416776 -10501.552  415   21 4146.33561 -10791.724   360%  13.9 4291s
 1056897 417206 -10025.906  425   24 4146.33561 -10791.724   360%  13.9 4296s
 1058173 417479     cutoff  411      4146.33561 -10791.724   360%  13.9 4306s
 1059754 417512 -10782.582  400   29 4146.33561 -10791.724   360%  13.9 4311s
 1060991 417570 -10613.992  394   43 4146.33561 -10791.724   360%  13.9 4316s
 1061703 417534     cutoff  397      4146.33561 -10791.724   360%  13.9 4320s
 1063143 417751 -10782.582  404   45 4146.33561 -10791.724   360%  13.9 4326s
 1064980 418135 -10546.084  406   41 4146.33561 -10791.724   360%  13.9 4333s
 1065968 418383     cutoff  410      4146.33561 -10791.724   360%  13.9 4336s
 1067774 418781 -10103.161  407   13 4146.33561 -10791.724   360%  13.9 4342s
 1068582 418970 infeasible  416      4146.33561 -10791.724   360%  13.9 4345s
 1070132 419188 -10791.724  406   44 4146.33561 -10791.724   360%  13.9 4351s
 1070870 419403     cutoff  414      4146.33561 -10791.724   360%  13.9 4355s
 1072298 419478 -10791.724  412   47 4146.33561 -10791.724   360%  13.9 4361s
 1073053 419647 infeasible  410      4146.33561 -10791.724   360%  13.9 4369s
 1073799 419925     cutoff  416      4146.33561 -10791.724   360%  13.9 4372s
 1074751 420341 -10535.180  425   54 4146.33561 -10791.724   360%  13.9 4375s
 1076538 421322 -10537.693  413   15 4146.33561 -10791.724   360%  13.9 4381s
 1078563 422290     cutoff  416      4146.33561 -10791.724   360%  13.9 4387s
 1079452 422770 -9746.9376  445   25 4146.33561 -10791.724   360%  13.9 4390s
 1081346 423676 -10286.608  412   15 4146.33561 -10791.724   360%  13.9 4395s
 1083226 424603 -10537.693  417   30 4146.33561 -10791.724   360%  13.9 4401s
 1085193 425327 -10537.693  412   15 4146.33561 -10791.724   360%  13.9 4406s
 1086734 426142 -10510.694  411   29 4146.33561 -10791.724   360%  13.9 4411s
 1087654 426537 -10386.943  434   34 4146.33561 -10791.724   360%  13.9 4419s
 1088521 427033 -10537.693  428   28 4146.33561 -10791.724   360%  13.9 4422s
 1089439 427558 -10347.466  429   19 4146.33561 -10791.724   360%  13.9 4425s
 1091453 428453 -10320.382  423   12 4146.33561 -10791.724   360%  13.9 4430s
 1093135 428805     cutoff  455      4146.33561 -10791.724   360%  13.9 4435s
 1094424 429111     cutoff  413      4146.33561 -10791.724   360%  13.9 4441s
 1096034 429269     cutoff  416      4146.33561 -10791.724   360%  13.9 4446s
 1097725 429731 -10572.944  372   19 4146.33561 -10791.724   360%  13.9 4451s
 1098654 430215 -10163.024  382   36 4146.33561 -10791.724   360%  13.9 4456s
 1100133 431202 -10465.755  427   78 4146.33561 -10791.724   360%  13.9 4461s
 1101804 432440 -10338.324  418   43 4146.33561 -10791.724   360%  13.9 4467s
 1102902 432969 -10501.552  414   24 4146.33561 -10791.724   360%  13.9 4475s
 1104931 434025     cutoff  443      4146.33561 -10791.724   360%  13.9 4480s
 1106286 435176 -10501.552  427   44 4146.33561 -10791.724   360%  13.9 4485s
 1108168 436283 -9762.3767  437    9 4146.33561 -10791.724   360%  13.9 4490s
 1109868 437187     cutoff  404      4146.33561 -10791.724   360%  13.9 4495s
 1111490 438252     cutoff  432      4146.33561 -10791.724   360%  13.9 4500s
 1113301 439269 -9737.7956  436   23 4146.33561 -10791.724   360%  13.9 4506s
 1114332 439977 -10501.552  422   23 4146.33561 -10791.724   360%  13.9 4510s
 1115877 440754 -10782.582  400   23 4146.33561 -10791.724   360%  13.8 4515s
 1117427 441885 -10501.552  408   24 4146.33561 -10791.724   360%  13.8 4525s
 1119216 442838 -10431.881  417   26 4146.33561 -10791.724   360%  13.8 4531s
 1121063 443769 -10692.191  406   53 4146.33561 -10791.724   360%  13.8 4536s
 1122506 444783 -9705.8717  430   29 4146.33561 -10791.724   360%  13.8 4542s
 1124148 445824 -10450.144  416   26 4146.33561 -10791.724   360%  13.8 4547s
 1125232 446163 -10444.514  420   15 4146.33561 -10791.724   360%  13.8 4550s
 1126550 446914 -10361.907  421   36 4146.33561 -10791.724   360%  13.8 4556s
 1128264 447939 -10350.802  430   22 4146.33561 -10791.724   360%  13.8 4562s
 1129348 448326 -10646.782  408   26 4146.33561 -10791.724   360%  13.8 4565s
 1130956 449158 -10444.514  443    9 4146.33561 -10791.724   360%  13.8 4570s
 1132265 450067     cutoff  447      4146.33561 -10791.724   360%  13.8 4580s
 1134316 451143 -10350.802  428   24 4146.33561 -10791.724   360%  13.8 4586s
 1135520 451928 -10277.921  416   13 4146.33561 -10791.724   360%  13.8 4592s
 1136303 452427     cutoff  450      4146.33561 -10791.724   360%  13.8 4595s
 1137963 453398 -10350.802  429   20 4146.33561 -10791.724   360%  13.8 4601s
 1140023 454543 -10510.694  411   27 4146.33561 -10791.724   360%  13.8 4606s
 1141338 455240 -10602.746  408   19 4146.33561 -10791.724   360%  13.8 4612s
 1142020 455851 -10537.693  418   32 4146.33561 -10791.724   360%  13.8 4615s
 1144047 456890 -9737.7956  446   34 4146.33561 -10791.724   360%  13.8 4621s
 1145684 457743 -9737.7956  445   33 4146.33561 -10791.724   360%  13.8 4627s
 1146474 458093 -10428.671  413   30 4146.33561 -10791.724   360%  13.8 4630s
 1147114 458486 -10758.546  408   49 4146.33561 -10791.724   360%  13.8 4638s
 1147775 459016     cutoff  406      4146.33561 -10791.724   360%  13.8 4642s
 1148730 459550 -10651.142  400   20 4146.33561 -10791.724   360%  13.8 4645s
 1150942 460770     cutoff  424      4146.33561 -10791.724   360%  13.8 4651s
 1152831 461776 -10350.802  426   20 4146.33561 -10791.724   360%  13.8 4657s
 1153532 462273     cutoff  428      4146.33561 -10791.724   360%  13.8 4660s
 1155123 463059 -10281.131  417   28 4146.33561 -10791.724   360%  13.8 4666s
 1156645 464124 -9789.2649  423   37 4146.33561 -10791.724   360%  13.8 4672s
 1158633 465047 -10651.142  398   20 4146.33561 -10791.724   360%  13.8 4677s
 1159458 465522 -10791.724  405   45 4146.33561 -10791.724   360%  13.8 4680s
 1161326 466629 -10510.694  406   36 4146.33561 -10791.724   360%  13.8 4686s
 1162129 467158 -10602.746  407   19 4146.33561 -10791.724   360%  13.8 4694s
 1163166 467440 -10102.569  420   25 4146.33561 -10791.724   360%  13.8 4696s
 1164502 468421 -10530.089  419   42 4146.33561 -10791.724   360%  13.8 4702s
 1165478 468848 -10476.359  406   22 4146.33561 -10791.724   360%  13.8 4705s
 1167394 469546 -10350.802  396   16 4146.33561 -10791.724   360%  13.8 4711s
 1169038 470014 -10496.924  396   27 4146.33561 -10791.724   360%  13.8 4716s
 1170899 470253 -8245.1688  415   17 4146.33561 -10791.724   360%  13.8 4721s
 1172096 470405     cutoff  418      4146.33561 -10791.724   360%  13.8 4726s
 1173350 470563 -10496.924  425   17 4146.33561 -10791.724   360%  13.8 4731s
 1174727 470727 infeasible  421      4146.33561 -10791.724   360%  13.8 4736s
 1176358 470832 -10791.724  420   33 4146.33561 -10791.724   360%  13.8 4742s
 1176945 470849 -10546.084  431   21 4146.33561 -10791.724   360%  13.8 4749s
 1177512 470922 -10791.724  426   36 4146.33561 -10791.724   360%  13.8 4753s
 1178571 470986 -10353.684  388   16 4146.33561 -10791.724   360%  13.8 4757s
 1179339 471125 -10791.724  415   47 4146.33561 -10791.724   360%  13.8 4760s
 1181051 471246     cutoff  434      4146.33561 -10791.724   360%  13.8 4767s
 1181962 471214 infeasible  412      4146.33561 -10791.724   360%  13.8 4771s
 1182802 471277 -10524.549  428   15 4146.33561 -10791.724   360%  13.8 4777s
 1183629 471299 -8883.2409  412   34 4146.33561 -10791.724   360%  13.8 4780s
 1185348 471370 infeasible  420      4146.33561 -10791.724   360%  13.9 4788s
 1186190 471389     cutoff  400      4146.33561 -10791.724   360%  13.9 4791s
 1187764 471502 infeasible  416      4146.33561 -10791.724   360%  13.9 4798s
 1188488 471554     cutoff  431      4146.33561 -10791.724   360%  13.9 4802s
 1189324 471576 -10515.867  436   51 4146.33561 -10791.724   360%  13.9 4805s
 1191053 471687 -10782.582  426   33 4146.33561 -10791.724   360%  13.9 4812s
 1191919 471740 -9533.8650  407   24 4146.33561 -10791.724   360%  13.9 4820s
 1193452 471839 infeasible  409      4146.33561 -10791.724   360%  13.9 4826s
 1195015 471864 -10791.724  418   46 4146.33561 -10791.724   360%  13.9 4832s
 1195796 471895 -10791.724  419   54 4146.33561 -10791.724   360%  13.9 4836s
 1197372 471894 -10782.582  413   29 4146.33561 -10791.724   360%  14.0 4843s
 1198136 471914 -10782.582  422   29 4146.33561 -10791.724   360%  14.0 4846s
 1198979 471928     cutoff  422      4146.33561 -10791.724   360%  14.0 4850s
 1200559 471987 -10791.724  400   25 4146.33561 -10791.724   360%  14.0 4857s
 1201451 471987     cutoff  406      4146.33561 -10791.724   360%  14.0 4860s
 1203141 472042 -10791.724  401   43 4146.33561 -10791.724   360%  14.0 4868s
 1203971 472051 -10496.924  423   17 4146.33561 -10791.724   360%  14.0 4871s
 1204843 472092     cutoff  417      4146.33561 -10791.724   360%  14.0 4875s
 1206482 472111 infeasible  433      4146.33561 -10791.724   360%  14.0 4886s
 1207079 472126 -10115.744  428   26 4146.33561 -10791.724   360%  14.0 4890s
 1208949 472226 -10308.144  418   33 4146.33561 -10791.724   360%  14.1 4897s
 1209797 472253 -10579.657  421   28 4146.33561 -10791.724   360%  14.1 4900s
 1211606 472281 -10791.724  403   40 4146.33561 -10791.724   360%  14.1 4907s
 1212401 472386 -10791.724  422   39 4146.33561 -10791.724   360%  14.1 4910s
 1214201 472520 -9402.3880  402   29 4146.33561 -10791.724   360%  14.1 4917s
 1215087 472536     cutoff  426      4146.33561 -10791.724   360%  14.1 4921s
 1216895 472770 infeasible  423      4146.33561 -10791.724   360%  14.1 4928s
 1217899 472829 -10122.627  427   34 4146.33561 -10791.724   360%  14.1 4931s
 1219582 473028     cutoff  414      4146.33561 -10791.724   360%  14.1 4937s
 1220453 473059 -10132.082  396   21 4146.33561 -10791.724   360%  14.1 4941s
 1221335 473118 -10185.415  399   22 4146.33561 -10791.724   360%  14.1 4948s
 1222110 473178     cutoff  420      4146.33561 -10791.724   360%  14.1 4951s
 1223776 473414     cutoff  421      4146.33561 -10791.724   360%  14.1 4957s
 1224483 473490 -10524.549  424   18 4146.33561 -10791.724   360%  14.1 4960s
 1226182 473636 -10185.415  415   24 4146.33561 -10791.724   360%  14.1 4966s
 1226955 473697     cutoff  390      4146.33561 -10791.724   360%  14.1 4970s
 1228639 473921     cutoff  399      4146.33561 -10791.724   360%  14.1 4976s
 1230136 474092 infeasible  413      4146.33561 -10791.724   360%  14.1 4983s
 1231043 474241 -10185.415  417   12 4146.33561 -10791.724   360%  14.1 4986s
 1232635 474299     cutoff  421      4146.33561 -10791.724   360%  14.2 4992s
 1233412 474336 -10363.469  413   45 4146.33561 -10791.724   360%  14.2 4995s
 1234951 474382 -10613.992  420   38 4146.33561 -10791.724   360%  14.2 5002s
 1235657 474453 -10213.099  416   54 4146.33561 -10791.724   360%  14.2 5005s
 1236280 474492 -10651.142  400   30 4146.33561 -10791.724   360%  14.2 5012s
 1236788 474667 -10613.992  411   47 4146.33561 -10791.724   360%  14.2 5017s
 1237949 474746 infeasible  415      4146.33561 -10791.724   360%  14.2 5021s
 1239733 474938     cutoff  414      4146.33561 -10791.724   360%  14.2 5028s
 1240594 475007 infeasible  418      4146.33561 -10791.724   360%  14.2 5031s
 1242392 475100 -10791.724  406   40 4146.33561 -10791.724   360%  14.2 5038s
 1243206 475160     cutoff  412      4146.33561 -10791.724   360%  14.2 5042s
 1244040 475261 -10791.724  408   44 4146.33561 -10791.724   360%  14.2 5045s
 1245694 475453 -10651.142  392   23 4146.33561 -10791.724   360%  14.2 5052s
 1246524 475728 -10791.724  418   48 4146.33561 -10791.724   360%  14.2 5055s
 1248375 476732 -10462.576  391   48 4146.33561 -10791.724   360%  14.2 5063s
 1249371 477318 -10530.089  382   34 4146.33561 -10791.724   360%  14.2 5066s
 1250511 477599 -10501.552  385   25 4146.33561 -10791.724   360%  14.2 5070s
 1251667 477830 -10530.089  391   35 4146.33561 -10791.724   360%  14.2 5078s
 1252570 478021 -10546.084  375   25 4146.33561 -10791.724   360%  14.2 5080s
 1254179 478297     cutoff  391      4146.33561 -10791.724   360%  14.2 5086s
 1255974 478756 -10471.132  414   16 4146.33561 -10791.724   360%  14.2 5091s
 1257617 479325 -10791.724  398   57 4146.33561 -10791.724   360%  14.2 5097s
 1258321 479589 -10624.282  402   35 4146.33561 -10791.724   360%  14.2 5100s
 1259794 480301 -10447.534  406   23 4146.33561 -10791.724   360%  14.2 5106s
 1261333 481049 -10624.282  405   35 4146.33561 -10791.724   360%  14.2 5112s
 1262035 481386 -10471.132  409   23 4146.33561 -10791.724   360%  14.2 5115s
 1263639 482322 -10046.174  410   22 4146.33561 -10791.724   360%  14.2 5121s
 1265289 483239 -10782.582  404   41 4146.33561 -10791.724   360%  14.2 5127s
 1266523 483542 -10402.271  437   15 4146.33561 -10791.724   360%  14.2 5135s
 1268187 484457 -10471.132  411   28 4146.33561 -10791.724   360%  14.2 5142s
 1269384 484889 -10553.022  409   25 4146.33561 -10791.724   360%  14.2 5145s
 1271137 485781     cutoff  419      4146.33561 -10791.724   360%  14.2 5151s
 1273057 486523 -10194.557  420   24 4146.33561 -10791.724   360%  14.2 5156s
 1274867 487418 -9825.7056  376   44 4146.33561 -10791.724   360%  14.2 5162s
 1275960 487861 -10471.132  387   20 4146.33561 -10791.724   360%  14.2 5165s
 1277790 488689 -10510.694  384   20 4146.33561 -10791.724   360%  14.2 5170s
 1279453 489397 -10537.693  408   21 4146.33561 -10791.724   360%  14.2 5175s
 1280883 490199 -10471.132  413   26 4146.33561 -10791.724   360%  14.2 5180s
 1281823 490723     cutoff  433      4146.33561 -10791.724   360%  14.2 5188s
 1282803 491311 -10537.693  399   39 4146.33561 -10791.724   360%  14.2 5191s
 1284719 492037     cutoff  439      4146.33561 -10791.724   360%  14.2 5195s
 1286313 492874 -10154.994  369   12 4146.33561 -10791.724   360%  14.2 5200s
 1287976 493771 infeasible  414      4146.33561 -10791.724   360%  14.2 5205s
 1289902 494677 -10510.694  399   35 4146.33561 -10791.724   360%  14.2 5210s
 1292172 495750 infeasible  437      4146.33561 -10791.724   360%  14.1 5217s
 1292893 496040 -10510.694  429   23 4146.33561 -10791.724   360%  14.1 5220s
 1294219 496725     cutoff  384      4146.33561 -10791.724   360%  14.1 5225s
 1296015 497604 -10510.694  421   26 4146.33561 -10791.724   360%  14.1 5230s
 1296860 498126 -10194.557  392   10 4146.33561 -10791.724   360%  14.1 5238s
 1297787 498446 -10359.944  421   17 4146.33561 -10791.724   360%  14.1 5241s
 1299425 499216 -10510.694  410   19 4146.33561 -10791.724   360%  14.1 5246s
 1301054 499756 -10359.944  425   15 4146.33561 -10791.724   360%  14.1 5252s
 1301891 499986 -10459.495  363   26 4146.33561 -10791.724   360%  14.1 5255s
 1303630 500328 -10181.974  393   18 4146.33561 -10791.724   360%  14.1 5261s
 1305644 500760 -10152.897  403   44 4146.33561 -10791.724   360%  14.1 5266s
 1307340 501217     cutoff  413      4146.33561 -10791.724   360%  14.1 5272s
 1308110 501408 -10471.132  404   23 4146.33561 -10791.724   360%  14.1 5275s
 1309723 501820     cutoff  408      4146.33561 -10791.724   360%  14.1 5281s
 1311481 502399 -10194.557  414   14 4146.33561 -10791.724   360%  14.1 5292s
 1312403 502616 -10791.724  410   34 4146.33561 -10791.724   360%  14.1 5295s
 1314703 502752 -10353.684  411   12 4146.33561 -10791.724   360%  14.1 5302s
 1315838 502747     cutoff  403      4146.33561 -10791.724   360%  14.1 5307s
 1316496 502772 -10459.495  397   19 4146.33561 -10791.724   360%  14.1 5313s
 1317210 502790 -10782.582  404   30 4146.33561 -10791.724   360%  14.1 5316s
 1318737 503011 -10103.161  404   15 4146.33561 -10791.724   360%  14.1 5322s
 1319498 503068     cutoff  421      4146.33561 -10791.724   360%  14.1 5325s
 1320919 503258 -10791.723  416   33 4146.33561 -10791.724   360%  14.1 5332s
 1321675 503522 -7992.7319  397   17 4146.33561 -10791.724   360%  14.1 5335s
 1323433 504222     cutoff  420      4146.33561 -10791.724   360%  14.2 5342s
 1324368 504903 -10444.514  426   21 4146.33561 -10791.724   360%  14.2 5345s
 1326077 505825 -10575.122  407   24 4146.33561 -10791.724   360%  14.2 5357s
 1326818 506296 -10498.132  418   52 4146.33561 -10791.724   360%  14.2 5360s
 1328561 507490 -10510.694  426   19 4146.33561 -10791.724   360%  14.2 5367s
 1329740 508025 -10465.285  456   30 4146.33561 -10791.724   360%  14.1 5370s
 1331477 508841 -9746.9376  449   43 4146.33561 -10791.724   360%  14.1 5375s
 1333113 509663 -10338.324  436   15 4146.33561 -10791.724   360%  14.1 5381s
 1334970 510782 -9737.7956  438   26 4146.33561 -10791.724   360%  14.1 5387s
 1336508 511711 -10014.833  461   17 4146.33561 -10791.724   360%  14.1 5392s
 1337542 512113 -10692.189  407   53 4146.33561 -10791.724   360%  14.1 5395s
 1339228 513110 -9737.7956  445   14 4146.33561 -10791.724   360%  14.1 5401s
 1341064 514080 -10429.373  444   30 4146.33561 -10791.724   360%  14.1 5411s
 1341768 514807 -10338.324  419   12 4146.33561 -10791.724   360%  14.1 5415s
 1343822 515692 -10683.050  411   36 4146.33561 -10791.724   360%  14.1 5420s
 1345435 516716 -10102.569  426   12 4146.33561 -10791.724   360%  14.1 5426s
 1346292 517242 -10465.285  426   12 4146.33561 -10791.724   360%  14.1 5430s
 1347934 518132     cutoff  426      4146.33561 -10791.724   360%  14.1 5436s
 1349463 519237 -10683.050  408   29 4146.33561 -10791.724   360%  14.1 5442s
 1350629 519510     cutoff  451      4146.33561 -10791.724   360%  14.1 5445s
 1351973 519978     cutoff  385      4146.33561 -10791.724   360%  14.1 5450s
 1353931 520404 infeasible  410      4146.33561 -10791.724   360%  14.1 5456s
 1355347 520836 -10060.242  445   12 4146.33561 -10791.724   360%  14.1 5462s
 1356271 521168 -10537.693  417   44 4146.33561 -10791.724   360%  14.1 5470s
 1358294 522149 -10347.466  441   15 4146.33561 -10791.724   360%  14.1 5475s
 1360073 522646 -10359.944  421   33 4146.33561 -10791.724   360%  14.1 5481s
 1361332 523162 -10258.984  395   29 4146.33561 -10791.724   360%  14.1 5486s
 1362864 524105 -10532.299  406   28 4146.33561 -10791.724   360%  14.1 5491s
 1364174 524940 -10496.990  411   65 4146.33561 -10791.724   360%  14.1 5497s
 1365796 525977     cutoff  416      4146.33561 -10791.724   360%  14.1 5502s
 1366781 526316 -10501.552  412   28 4146.33561 -10791.724   360%  14.1 5505s
 1368482 527130 -10692.189  400   36 4146.33561 -10791.724   360%  14.1 5511s
 1369893 528200     cutoff  436      4146.33561 -10791.724   360%  14.1 5517s
 1370992 528715 -10510.694  423   47 4146.33561 -10791.724   360%  14.1 5524s
 1371842 529217 -9737.7956  427   35 4146.33561 -10791.724   360%  14.1 5528s
 1372782 529635     cutoff  424      4146.33561 -10791.724   360%  14.1 5530s
 1374449 530468 -10692.191  401   58 4146.33561 -10791.724   360%  14.1 5536s
 1375016 530886 -10510.694  411   29 4146.33561 -10791.724   360%  14.1 5540s
 1376551 531976 -10501.552  408   25 4146.33561 -10791.724   360%  14.1 5546s
 1378566 533172 -10510.694  417   25 4146.33561 -10791.724   360%  14.1 5552s
 1379726 533572 infeasible  447      4146.33561 -10791.724   360%  14.1 5555s
 1381209 534333     cutoff  412      4146.33561 -10791.724   360%  14.1 5561s
 1382898 535078     cutoff  373      4146.33561 -10791.724   360%  14.1 5566s
 1384804 535459 -9773.9363  410   15 4146.33561 -10791.723   360%  14.1 5572s
 1385674 535594 infeasible  393      4146.33561 -10791.723   360%  14.1 5580s
 1387280 536041 -10782.582  427   22 4146.33561 -10791.723   360%  14.1 5587s
 1388278 536162 -10791.723  419   35 4146.33561 -10791.723   360%  14.1 5591s
 1389255 536169 infeasible  394      4146.33561 -10791.723   360%  14.1 5596s
 1389312 536195 -10459.495  394   34 4146.33561 -10791.723   360%  14.1 5602s
 1389726 536398 -10459.495  381   23 4146.33561 -10791.723   360%  14.1 5606s
 1391549 536595 -10459.495  408   20 4146.33561 -10791.723   360%  14.1 5613s
 1392437 536740     cutoff  392      4146.33561 -10791.723   360%  14.1 5616s
 1394076 536994 -10496.924  430   17 4146.33561 -10791.723   360%  14.1 5622s
 1394955 537095 -10221.555  368   21 4146.33561 -10791.723   360%  14.1 5626s
 1396565 537352     cutoff  395      4146.33561 -10791.723   360%  14.1 5632s
 1397479 537418     cutoff  422      4146.33561 -10791.723   360%  14.1 5635s
 1399110 537585 -10142.411  423    9 4146.33561 -10791.723   360%  14.1 5642s
 1400068 537743 -10386.943  409   24 4146.33561 -10791.723   360%  14.1 5646s
 1400886 537797 -10459.495  415   17 4146.33561 -10791.723   360%  14.1 5653s
 1401582 537963     cutoff  396      4146.33561 -10791.723   360%  14.1 5657s
 1402468 538075 infeasible  431      4146.33561 -10791.723   360%  14.1 5660s
 1404194 538185     cutoff  420      4146.33561 -10791.723   360%  14.1 5666s
 1404837 538324     cutoff  416      4146.33561 -10791.723   360%  14.1 5670s
 1406507 538545     cutoff  393      4146.33561 -10791.723   360%  14.1 5677s
 1407357 538612 -9050.3262  417   23 4146.33561 -10791.723   360%  14.1 5680s
 1408882 538807 -10486.411  412   57 4146.33561 -10791.723   360%  14.1 5687s
 1409713 538905     cutoff  394      4146.33561 -10791.723   360%  14.1 5690s
 1411104 538926 -10572.944  411   19 4146.33561 -10791.723   360%  14.1 5697s
 1411484 539004 -10791.723  420   22 4146.33561 -10791.723   360%  14.1 5701s
 1413063 539083 -10329.134  412   30 4146.33561 -10791.723   360%  14.1 5708s
 1413937 539112 -10459.495  406   40 4146.33561 -10791.723   360%  14.1 5711s
 1414751 539181 -9932.0552  422    9 4146.33561 -10791.723   360%  14.1 5715s
 1415704 539191     cutoff  423      4146.33561 -10791.723   360%  14.2 5723s
 1416203 539288 -10322.421  417   23 4146.33561 -10791.723   360%  14.2 5728s
 1417215 539438     cutoff  391      4146.33561 -10791.723   360%  14.2 5732s
 1418190 539735     cutoff  418      4146.33561 -10791.723   360%  14.2 5736s
 1419214 540299 -10537.693  388   15 4146.33561 -10791.723   360%  14.2 5740s
 1421554 541570 -10501.552  373   12 4146.33561 -10791.723   360%  14.2 5747s
 1422658 541676 -10496.627  378   12 4146.33561 -10791.723   360%  14.2 5750s
 1423909 542729     cutoff  399      4146.33561 -10791.723   360%  14.2 5756s
 1424863 543142 -10657.857  407   38 4146.33561 -10791.723   360%  14.2 5760s
 1426540 544243 -10692.191  411   33 4146.33561 -10791.723   360%  14.2 5766s
 1428312 545210 -10501.552  423   14 4146.33561 -10791.723   360%  14.2 5772s
 1429116 545706 -10501.552  440   18 4146.33561 -10791.723   360%  14.2 5775s
 1430989 546630 -9353.5186  428   18 4146.33561 -10791.723   360%  14.2 5786s
 1432603 547072     cutoff  415      4146.33561 -10791.723   360%  14.2 5792s
 1433497 547177     cutoff  399      4146.33561 -10791.723   360%  14.2 5795s
 1435281 547451 -10221.555  391    9 4146.33561 -10791.723   360%  14.2 5801s
 1437042 547923     cutoff  380      4146.33561 -10791.723   360%  14.2 5807s
 1437935 548078 -10350.802  425   27 4146.33561 -10791.723   360%  14.2 5810s
 1439522 548388 -10575.122  399   36 4146.33561 -10791.723   360%  14.1 5816s
 1441120 548659 -10791.723  423   34 4146.33561 -10791.723   360%  14.1 5823s
 1442003 548780 -10459.495  403   39 4146.33561 -10791.723   360%  14.1 5826s
 1443702 548997     cutoff  432      4146.33561 -10791.723   360%  14.1 5832s
 1444503 549127 -10459.495  406   36 4146.33561 -10791.723   360%  14.1 5835s
 1446028 549889 -10529.681  412   28 4146.33561 -10791.723   360%  14.1 5845s
 1447606 550881 -10444.514  435   23 4146.33561 -10791.723   360%  14.1 5852s
 1448453 551197 -10333.399  414   36 4146.33561 -10791.723   360%  14.1 5855s
 1450227 551749 infeasible  414      4146.33561 -10791.723   360%  14.1 5862s
 1450981 552010     cutoff  424      4146.33561 -10791.723   360%  14.1 5865s
 1452814 552630 infeasible  444      4146.33561 -10791.723   360%  14.1 5872s
 1453866 552965 -10510.694  417   12 4146.33561 -10791.723   360%  14.1 5875s
 1455745 553705 -9773.9363  408   31 4146.33561 -10791.723   360%  14.1 5882s
 1456654 554051 -10510.694  431   43 4146.33561 -10791.723   360%  14.1 5885s
 1458493 554796 -10087.240  412   18 4146.33561 -10791.723   360%  14.1 5892s
 1459351 555182 -10154.994  383   28 4146.33561 -10791.723   360%  14.1 5896s
 1461284 555685 -10347.466  412   15 4146.33561 -10791.723   360%  14.1 5907s
 1462180 555957     cutoff  407      4146.33561 -10791.723   360%  14.1 5910s
 1463807 556781 -10575.122  418   25 4146.33561 -10791.723   360%  14.1 5916s
 1465482 557643 -9680.7573  454   31 4146.33561 -10791.723   360%  14.1 5921s
 1466301 558079 -10476.359  406   30 4146.33561 -10791.723   360%  14.1 5925s
 1467803 558814     cutoff  431      4146.33561 -10791.723   360%  14.1 5931s
 1469531 559609 -10447.534  438   23 4146.33561 -10791.723   360%  14.1 5937s
 1470323 559982 -10624.282  430   41 4146.33561 -10791.723   360%  14.1 5941s
 1471947 560827 -10471.132  440   21 4146.33561 -10791.723   360%  14.1 5947s
 1472757 561376 -10438.974  431   39 4146.33561 -10791.723   360%  14.1 5950s
 1474744 562362 -10692.191  433   30 4146.33561 -10791.723   360%  14.1 5956s
 1475820 562848 -10501.552  443   13 4146.33561 -10791.723   360%  14.1 5964s
 1476642 563254 -10444.514  446   16 4146.33561 -10791.723   360%  14.1 5967s
 1477835 563424 -10115.744  454   10 4146.33561 -10791.723   360%  14.1 5971s
 1479212 563829 -10546.084  427   42 4146.33561 -10791.723   360%  14.1 5977s
 1480083 564120 -10438.974  406   35 4146.33561 -10791.723   360%  14.1 5980s
 1481798 564738 -10340.817  421   60 4146.33561 -10791.723   360%  14.1 5986s
 1483551 565068 -10236.884  426   13 4146.33561 -10791.723   360%  14.1 5991s
 1485478 565477 -10347.466  453   14 4146.33561 -10791.723   360%  14.1 5997s
 1487239 565965     cutoff  458      4146.33561 -10791.723   360%  14.1 6002s
 1488271 566104 -10418.503  415   46 4146.33561 -10791.723   360%  14.1 6005s
 1489561 566430 -10154.994  433   10 4146.33561 -10791.723   360%  14.1 6010s
 1490341 566563 -10172.832  450   28 4146.33561 -10791.723   360%  14.1 6018s
 1491281 566684     cutoff  418      4146.33561 -10791.723   360%  14.1 6020s
 1492724 566888 -10122.940  434   25 4146.33561 -10791.723   360%  14.1 6025s
 1494199 567109     cutoff  449      4146.33561 -10791.723   360%  14.1 6031s
 1495802 567370     cutoff  440      4146.33561 -10791.723   360%  14.1 6037s
 1496637 567511 -10132.082  423   16 4146.33561 -10791.723   360%  14.1 6041s
 1498436 568046     cutoff  421      4146.33561 -10791.723   360%  14.1 6047s
 1499235 568452     cutoff  436      4146.33561 -10791.723   360%  14.1 6050s
 1501452 569627 -10465.285  431   23 4146.33561 -10791.723   360%  14.1 6056s
 1502189 570369 -9680.7573  466   28 4146.33561 -10791.723   360%  14.1 6060s
 1504131 571301 -9737.7956  436   19 4146.33561 -10791.723   360%  14.1 6066s
 1505001 571969 -10784.066  430   66 4146.33561 -10791.723   360%  14.1 6074s
 1506087 572364 -9737.7956  459   16 4146.33561 -10791.723   360%  14.1 6077s
 1507562 573103 -10510.694  424   27 4146.33561 -10791.723   360%  14.1 6082s
 1508208 573685 -10469.628  439   32 4146.33561 -10791.723   360%  14.1 6085s
 1509921 574679 -10781.769  427   63 4146.33561 -10791.723   360%  14.1 6090s
 1511708 575828 -10575.122  445   24 4146.33561 -10791.723   360%  14.0 6095s
 1513287 576578 -10510.694  431   49 4146.33561 -10791.723   360%  14.0 6101s
 1514820 577674 -9762.3767  461   32 4146.33561 -10791.723   360%  14.0 6106s
 1516526 578507 -10537.693  452   46 4146.33561 -10791.723   360%  14.0 6112s
 1517900 579284 -10537.693  412   13 4146.33561 -10791.723   360%  14.0 6117s
 1518768 579694 -10281.286  465   42 4146.33561 -10791.723   360%  14.0 6121s
 1519574 580100 -10350.802  463   34 4146.33561 -10791.723   360%  14.0 6128s
 1520343 580695 -10541.637  453   40 4146.33561 -10791.723   360%  14.0 6132s
 1521142 581368 -10314.535  492   41 4146.33561 -10791.723   360%  14.0 6135s
 1523057 582353 -10429.373  443   22 4146.33561 -10791.723   360%  14.0 6141s
 1523910 582824 -10429.373  444   19 4146.33561 -10791.723   360%  14.0 6145s
 1525555 583527 -10472.658  433   45 4146.33561 -10791.723   360%  14.0 6150s
 1527226 584601 -10279.233  482   13 4146.33561 -10791.723   360%  14.0 6156s
 1529022 585598 -10510.694  445   16 4146.33561 -10791.723   360%  14.0 6162s
 1529773 586031 -10538.501  436   24 4146.33561 -10791.723   360%  14.0 6165s
 1531301 586778     cutoff  471      4146.33561 -10791.723   360%  14.0 6171s
 1532949 587650 infeasible  482      4146.33561 -10791.723   360%  14.0 6177s
 1533675 588097     cutoff  464      4146.33561 -10791.723   360%  14.0 6181s
 1534518 588679 -10501.552  466   25 4146.33561 -10791.723   360%  14.0 6188s
 1535586 589083     cutoff  446      4146.33561 -10791.723   360%  14.0 6191s
 1537068 589772     cutoff  460      4146.33561 -10791.723   360%  14.0 6196s
 1538360 590541 -10471.132  449   18 4146.33561 -10791.723   360%  14.0 6202s
 1539183 590947     cutoff  466      4146.33561 -10791.723   360%  14.0 6205s
 1541075 592065 -10408.844  468   46 4146.33561 -10791.723   360%  14.0 6211s
 1542944 593030 -10510.694  408   14 4146.33561 -10791.723   360%  14.0 6216s
 1544568 593813     cutoff  445      4146.33561 -10791.723   360%  14.0 6222s
 1546331 594689 -10129.082  443   10 4146.33561 -10791.723   360%  14.0 6227s
 1547034 595267 -10537.693  451   33 4146.33561 -10791.723   360%  14.0 6230s
 1548795 595899     cutoff  461      4146.33561 -10791.723   360%  14.0 6236s
 1549359 596335 -10496.627  451   19 4146.33561 -10791.723   360%  14.0 6244s
 1550171 596757 -10465.285  450   30 4146.33561 -10791.723   360%  14.0 6247s
 1550977 597339 -10657.854  433   43 4146.33561 -10791.723   360%  14.0 6250s
 1552829 598240 -10790.007  427   89 4146.33561 -10791.723   360%  14.0 6256s
 1554789 598656 -10546.084  443   26 4146.33561 -10791.723   360%  14.0 6261s
 1556302 598875 -10185.415  452   14 4146.33561 -10791.723   360%  14.0 6266s
 1558207 599139 -10194.557  444   17 4146.33561 -10791.723   360%  14.0 6272s
 1558933 599208 infeasible  452      4146.33561 -10791.723   360%  14.0 6275s
 1560337 599390 infeasible  445      4146.33561 -10791.723   360%  14.0 6280s
 1561875 599586     cutoff  447      4146.33561 -10791.723   360%  14.0 6285s
 1563731 599870     cutoff  440      4146.33561 -10791.723   360%  14.0 6291s
 1564352 599951 -10115.744  445   19 4146.33561 -10791.723   360%  14.0 6298s
 1565091 600045 -10134.007  439   17 4146.33561 -10791.723   360%  14.0 6302s
 1565985 600139 infeasible  453      4146.33561 -10791.723   360%  14.0 6305s
 1567478 600266 -10651.142  402   20 4146.33561 -10791.723   360%  14.0 6310s
 1569078 600437     cutoff  452      4146.33561 -10791.723   360%  14.0 6317s
 1570070 600531 -10225.499  456   22 4146.33561 -10791.723   360%  14.0 6320s
 1571811 600708 -10559.026  455   61 4146.33561 -10791.723   360%  14.0 6326s
 1573293 600902     cutoff  458      4146.33561 -10791.723   360%  14.0 6332s
 1574156 600991 infeasible  449      4146.33561 -10791.723   360%  14.0 6335s
 1575574 601126 -10791.723  448   32 4146.33561 -10791.723   360%  14.0 6341s
 1576534 601193     cutoff  449      4146.33561 -10791.723   360%  14.0 6345s
 1577838 601318 -10003.146  449   50 4146.33561 -10791.723   360%  14.0 6351s
 1579317 601476     cutoff  438      4146.33561 -10791.723   360%  14.0 6362s
 1579911 601568 -9085.7932  440   43 4146.33561 -10791.723   360%  14.0 6365s
 1581807 601630 -10194.557  458   14 4146.33561 -10791.723   360%  14.1 6372s
 1582218 601647 -10524.549  456   20 4146.33561 -10791.723   360%  14.1 6376s
 1583125 601714     cutoff  457      4146.33561 -10791.723   360%  14.1 6380s
 1584789 601944 infeasible  456      4146.33561 -10791.723   360%  14.1 6387s
 1585572 601948 -10496.924  455   22 4146.33561 -10791.723   360%  14.1 6391s
 1587358 602077 infeasible  448      4146.33561 -10791.723   360%  14.1 6398s
 1588288 602270 -10341.424  454   78 4146.33561 -10791.723   360%  14.1 6402s
 1589234 602293 infeasible  441      4146.33561 -10791.723   360%  14.1 6405s
 1590984 602406 -9026.5682  452   37 4146.33561 -10791.723   360%  14.1 6412s
 1591879 602498 -10341.716  461   46 4146.33561 -10791.723   360%  14.1 6416s
 1593736 602641 -10029.855  453   23 4146.33561 -10791.723   360%  14.1 6423s
 1594630 602707     cutoff  450      4146.33561 -10791.723   360%  14.1 6431s
 1595161 602786 -10791.723  448   46 4146.33561 -10791.723   360%  14.1 6435s
 1597055 602912 -10791.723  441   59 4146.33561 -10791.723   360%  14.1 6442s
 1597791 602974 -10566.402  446   85 4146.33561 -10791.723   360%  14.1 6446s
 1598796 603036 -10236.884  451   14 4146.33561 -10791.723   360%  14.1 6450s
 1600431 603106 -10030.263  464   39 4146.33561 -10791.723   360%  14.1 6457s
 1601257 603258 -10791.723  453   32 4146.33561 -10791.723   360%  14.2 6461s
 1602118 603284 -10791.723  453   40 4146.33561 -10791.723   360%  14.2 6465s
 1603827 603501 -10791.723  446   50 4146.33561 -10791.723   360%  14.2 6473s
 1604639 603576 -9568.6188  450   47 4146.33561 -10791.723   360%  14.2 6476s
 1605469 603576 -10791.723  449   54 4146.33561 -10791.723   360%  14.2 6480s
 1607133 603705 -10213.543  460   40 4146.33561 -10791.723   360%  14.2 6488s
 1607968 603771 infeasible  452      4146.33561 -10791.723   360%  14.2 6491s
 1608835 603819 -10153.025  442   49 4146.33561 -10791.723   360%  14.2 6495s
 1609753 603885 -10791.723  428   40 4146.33561 -10791.723   360%  14.2 6502s
 1610363 603935 infeasible  440      4146.33561 -10791.723   360%  14.2 6506s
 1611248 604009 -10572.944  454   24 4146.33561 -10791.723   360%  14.2 6510s
 1612847 604103 -10761.133  443   64 4146.33561 -10791.723   360%  14.2 6517s
 1613747 604155 -10791.723  440   53 4146.33561 -10791.723   360%  14.2 6521s
 1615380 604231     cutoff  456      4146.33561 -10791.723   360%  14.2 6528s
 1616183 604368 -10791.723  452   43 4146.33561 -10791.723   360%  14.2 6532s
 1617124 604375 -10129.204  457   36 4146.33561 -10791.723   360%  14.2 6536s
 1617975 604384     cutoff  441      4146.33561 -10791.723   360%  14.2 6540s
 1619717 604548 -10030.263  460   38 4146.33561 -10791.723   360%  14.3 6547s
 1620551 604625     cutoff  456      4146.33561 -10791.723   360%  14.3 6551s
 1622218 604730 -10791.723  438   60 4146.33561 -10791.723   360%  14.3 6558s
 1623151 604743 -10524.549  453   20 4146.33561 -10791.723   360%  14.3 6561s
 1623926 604907 -10162.891  446   60 4146.33561 -10791.723   360%  14.3 6565s
 1624827 604970     cutoff  456      4146.33561 -10791.723   360%  14.3 6573s
 1625493 605111 -10651.142  434   23 4146.33561 -10791.723   360%  14.3 6576s
 1626320 605148 -10791.723  450   26 4146.33561 -10791.723   360%  14.3 6580s
 1627886 605211 -10213.543  459   20 4146.33561 -10791.723   360%  14.3 6586s
 1627983 605240     cutoff  463      4146.33561 -10791.723   360%  14.3 6590s
 1629742 605310 -9335.9061  463   13 4146.33561 -10791.723   360%  14.3 6597s
 1630701 605351     cutoff  460      4146.33561 -10791.723   360%  14.3 6601s
 1631639 605533 -10602.746  409   29 4146.33561 -10791.723   360%  14.3 6608s
 1632588 605519 -9353.6573  469   38 4146.33561 -10791.723   360%  14.3 6612s
 1633414 605526     cutoff  453      4146.33561 -10791.723   360%  14.3 6615s
 1635077 605616 -10782.581  453   32 4146.33561 -10791.723   360%  14.3 6623s
 1635917 605613 infeasible  441      4146.33561 -10791.723   360%  14.3 6627s
 1636722 605675 -9512.6534  456   26 4146.33561 -10791.723   360%  14.3 6630s
 1638656 605860 -9035.7099  448   37 4146.33561 -10791.723   360%  14.3 6638s
 1639600 605939 -10791.723  437   50 4146.33561 -10791.723   360%  14.3 6646s
 1641034 606116 -10651.142  429   23 4146.33561 -10791.723   360%  14.4 6653s
 1642001 606328     cutoff  449      4146.33561 -10791.723   360%  14.4 6657s
 1642825 606405     cutoff  467      4146.33561 -10791.723   360%  14.4 6661s
 1644720 606962     cutoff  445      4146.33561 -10791.723   360%  14.4 6668s
 1645864 607272 -10431.881  437   28 4146.33561 -10791.723   360%  14.4 6672s
 1646734 607708     cutoff  453      4146.33561 -10791.723   360%  14.4 6675s
 1648819 608606 -10501.552  446   24 4146.33561 -10791.723   360%  14.4 6682s
 1649898 609050 -10575.122  436   31 4146.33561 -10791.723   360%  14.4 6685s
 1651627 609893 -10791.723  440   56 4146.33561 -10791.723   360%  14.4 6692s
 1652495 610353 infeasible  481      4146.33561 -10791.723   360%  14.3 6696s
 1654076 611117 -10431.881  454   28 4146.33561 -10791.723   360%  14.3 6708s
 1654857 611542 -10465.285  450   43 4146.33561 -10791.723   360%  14.3 6711s
 1656586 612227 -9773.9363  442   34 4146.33561 -10791.723   360%  14.3 6717s
 1657322 612623 -10788.958  445   91 4146.33561 -10791.723   360%  14.3 6721s
 1659018 613359     cutoff  450      4146.33561 -10791.723   360%  14.3 6727s
 1659902 613784 -10641.941  448   58 4146.33561 -10791.723   360%  14.3 6730s
 1661693 614668 -10514.540  469   30 4146.33561 -10791.723   360%  14.3 6736s
 1663323 615466 -10286.916  473   24 4146.33561 -10791.723   360%  14.3 6742s
 1664262 615864 -10624.282  455   57 4146.33561 -10791.723   360%  14.3 6745s
 1665880 616563 -10572.944  408   30 4146.33561 -10791.723   360%  14.3 6752s
 1666765 616932     cutoff  463      4146.33561 -10791.723   360%  14.3 6755s
 1668280 617682 -10541.637  439   55 4146.33561 -10791.723   360%  14.3 6761s
 1669116 618015     cutoff  459      4146.33561 -10791.723   360%  14.3 6769s
 1669979 618309     cutoff  470      4146.33561 -10791.723   360%  14.3 6772s
 1670639 618673 -10602.746  423   29 4146.33561 -10791.723   360%  14.3 6775s
 1672318 619536 -10530.089  454   34 4146.33561 -10791.723   360%  14.3 6782s
 1673159 619983 -10530.089  458   34 4146.33561 -10791.723   360%  14.3 6786s
 1675035 620904 infeasible  462      4146.33561 -10791.723   360%  14.3 6792s
 1675926 621202 -10421.975  492   27 4146.33561 -10791.723   360%  14.3 6795s
 1677508 621975 infeasible  462      4146.33561 -10791.723   360%  14.3 6801s
 1679184 622839 -10657.857  447   53 4146.33561 -10791.723   360%  14.3 6807s
 1680140 623214     cutoff  462      4146.33561 -10791.723   360%  14.3 6810s
 1681815 623986 -10051.099  460   17 4146.33561 -10791.723   360%  14.3 6816s
 1683371 624791     cutoff  452      4146.33561 -10791.723   360%  14.3 6822s
 1684321 625106 -10501.552  438   23 4146.33561 -10791.723   360%  14.3 6830s
 1686052 625858 -10374.465  447   17 4146.33561 -10791.723   360%  14.3 6837s
 1686855 626256     cutoff  472      4146.33561 -10791.723   360%  14.3 6840s
 1688497 626965 -9773.9363  464   34 4146.33561 -10791.723   360%  14.3 6846s
 1689272 627344 -10602.746  442   36 4146.33561 -10791.723   360%  14.3 6850s
 1691075 628082 -10469.628  434   30 4146.33561 -10791.723   360%  14.3 6856s
 1692722 628842 -10523.714  462   48 4146.33561 -10791.723   360%  14.3 6862s
 1693650 629182 -10402.271  465   27 4146.33561 -10791.723   360%  14.3 6865s
 1695234 630228     cutoff  474      4146.33561 -10791.723   360%  14.3 6872s
 1696414 630611 -10530.089  444   49 4146.33561 -10791.723   360%  14.3 6875s
 1698141 631470 -10575.122  449   34 4146.33561 -10791.723   360%  14.3 6881s
 1698947 631767 -10287.416  471   34 4146.33561 -10791.723   360%  14.3 6889s
 1699770 632132 -10537.693  451   27 4146.33561 -10791.723   360%  14.3 6892s
 1700704 632571 -10692.188  447   40 4146.33561 -10791.723   360%  14.3 6895s
 1702585 633385     cutoff  473      4146.33561 -10791.723   360%  14.3 6901s
 1704190 634126     cutoff  454      4146.33561 -10791.723   360%  14.3 6907s
 1705105 634544 -10692.188  449   37 4146.33561 -10791.723   360%  14.3 6910s
 1706741 635248 -10683.046  455   43 4146.33561 -10791.723   360%  14.3 6916s
 1708227 635959 -10447.534  470   42 4146.33561 -10791.723   360%  14.3 6921s
 1709860 636731 -10318.878  455   21 4146.33561 -10791.723   360%  14.3 6927s
 1711035 636981 infeasible  453      4146.33561 -10791.723   360%  14.3 6930s
 1712428 637743     cutoff  459      4146.33561 -10791.723   360%  14.3 6936s
 1714345 638598     cutoff  472      4146.33561 -10791.723   360%  14.3 6947s
 1715151 639062 -10541.637  454   53 4146.33561 -10791.723   360%  14.3 6950s
 1716963 639738 -10692.188  433   75 4146.33561 -10791.723   360%  14.3 6955s
 1718421 640283     cutoff  463      4146.33561 -10791.723   360%  14.3 6961s
 1720064 641172 infeasible  460      4146.33561 -10791.723   360%  14.3 6968s
 1721248 641483 -10530.089  458   49 4146.33561 -10791.723   360%  14.3 6970s
 1722779 642120 -10447.534  456   39 4146.33561 -10791.723   360%  14.3 6976s
 1724264 642812     cutoff  448      4146.33561 -10791.723   360%  14.3 6982s
 1725220 643190 -10447.534  457   24 4146.33561 -10791.723   360%  14.3 6985s
 1726819 643824 -10445.660  470   46 4146.33561 -10791.723   360%  14.3 6991s
 1728381 644644 -10501.552  448   35 4146.33561 -10791.723   360%  14.3 6997s
 1729597 645011     cutoff  451      4146.33561 -10791.723   360%  14.3 7005s
 1731271 645924 -10501.552  441   23 4146.33561 -10791.723   360%  14.3 7012s
 1732340 646273 -10575.122  430   36 4146.33561 -10791.723   360%  14.3 7015s
 1734255 647117 -10692.188  453   45 4146.33561 -10791.723   360%  14.3 7021s
 1735793 647777 -10657.857  451   58 4146.33561 -10791.723   360%  14.3 7027s
 1736831 647994 -10692.188  446   81 4146.33561 -10791.723   360%  14.3 7032s
 1737300 648311 -10431.881  446   30 4146.33561 -10791.723   360%  14.3 7035s
 1738845 649037 -10280.379  478   27 4146.33561 -10791.723   360%  14.3 7041s
 1740463 649720     cutoff  454      4146.33561 -10791.723   360%  14.3 7047s
 1741267 650178     cutoff  443      4146.33561 -10791.723   360%  14.3 7050s
 1743018 651022 -10445.660  466   44 4146.33561 -10791.723   360%  14.3 7056s
 1744219 651317     cutoff  458      4146.33561 -10791.723   360%  14.3 7064s
 1745022 651734 -10325.609  453   17 4146.33561 -10791.723   360%  14.3 7067s
 1745921 652304 infeasible  431      4146.33561 -10791.723   360%  14.3 7070s
 1747935 652849 -10338.324  442   18 4146.33561 -10791.723   360%  14.3 7075s
 1749354 653543 -10471.132  450   23 4146.33561 -10791.723   360%  14.3 7081s
 1751074 654166 -10791.723  443   53 4146.33561 -10791.723   360%  14.3 7087s
 1751851 654577 -9773.9363  463   33 4146.33561 -10791.723   360%  14.3 7090s
 1753576 655301     cutoff  468      4146.33561 -10791.723   360%  14.3 7095s
 1755215 655934     cutoff  445      4146.33561 -10791.723   360%  14.3 7101s
 1757180 656755 -10281.131  460   20 4146.33561 -10791.723   360%  14.3 7107s
 1757911 657124 -10438.166  472   24 4146.33561 -10791.723   360%  14.3 7110s
 1759405 657844 -10537.693  446   27 4146.33561 -10791.723   360%  14.3 7120s
 1761516 658836 -10791.723  451   50 4146.33561 -10791.723   360%  14.3 7126s
 1762827 659507 -10501.552  438   23 4146.33561 -10791.723   360%  14.3 7132s
 1763776 659838 -10338.324  447   24 4146.33561 -10791.723   360%  14.3 7135s
 1765239 660561     cutoff  453      4146.33561 -10791.723   360%  14.3 7141s
 1767042 661219 -10116.499  450   10 4146.33561 -10791.723   360%  14.3 7147s
 1767931 661547 -10791.723  448   48 4146.33561 -10791.723   360%  14.3 7150s
 1769863 662310     cutoff  418      4146.33561 -10791.723   360%  14.3 7156s
 1771567 662977 -9798.5174  437   13 4146.33561 -10791.723   360%  14.3 7162s
 1772593 663452 -10602.746  426   22 4146.33561 -10791.723   360%  14.3 7165s
 1774455 664455     cutoff  429      4146.33561 -10791.723   360%  14.3 7176s
 1776270 664828     cutoff  439      4146.33561 -10791.723   360%  14.3 7180s
 1777880 665587 -10510.694  440   31 4146.33561 -10791.723   360%  14.3 7185s
 1779571 666395 -10510.694  422   37 4146.33561 -10791.723   360%  14.3 7190s
 1781347 666973 -10359.944  422   16 4146.33561 -10791.723   360%  14.3 7196s
 1783021 667791 -10651.142  454   41 4146.33561 -10791.723   360%  14.3 7201s
 1784731 668572 -10510.694  423   45 4146.33561 -10791.723   360%  14.3 7206s
 1786567 669227 -10471.132  419   26 4146.33561 -10791.723   360%  14.2 7211s
 1788306 669842     cutoff  424      4146.33561 -10791.723   360%  14.2 7216s
 1789062 670182 -10374.465  452   42 4146.33561 -10791.723   360%  14.2 7225s
 1791072 671005     cutoff  451      4146.33561 -10791.723   360%  14.2 7230s
 1792627 671753 -9746.9376  459   37 4146.33561 -10791.723   360%  14.2 7235s
 1794549 672481 -10471.132  455   26 4146.33561 -10791.723   360%  14.2 7240s
 1796204 673186 -10510.694  450   26 4146.33561 -10791.723   360%  14.2 7245s
 1797917 673824 -10537.693  453   38 4146.33561 -10791.723   360%  14.2 7250s
 1799759 674477 -9746.9376  448   31 4146.33561 -10791.723   360%  14.2 7255s
 1801251 675083 -10359.944  460   28 4146.33561 -10791.723   360%  14.2 7261s
 1802870 675551 -10537.693  449   38 4146.33561 -10791.723   360%  14.2 7266s
 1803668 675960 -9798.5174  457   23 4146.33561 -10791.723   360%  14.2 7274s
 1804836 676228     cutoff  462      4146.33561 -10791.723   360%  14.2 7276s
 1806242 676696     cutoff  468      4146.33561 -10791.723   360%  14.2 7281s
 1808067 677233 -10537.693  439   35 4146.33561 -10791.723   360%  14.2 7286s
 1809649 677592 -10359.944  439   33 4146.33561 -10791.723   360%  14.2 7291s
 1811266 678145 -10510.694  433   27 4146.33561 -10791.723   360%  14.2 7296s
 1813160 678697 -10060.242  464   23 4146.33561 -10791.723   360%  14.2 7302s
 1814605 679048 infeasible  445      4146.33561 -10791.723   360%  14.2 7307s
 1816232 679428 -10194.557  446   28 4146.33561 -10791.723   360%  14.2 7312s
 1817972 679766 -10087.240  455   24 4146.33561 -10791.723   360%  14.2 7317s
 1818783 679902 -10602.746  435   29 4146.33561 -10791.723   360%  14.2 7325s
 1820499 680293 -10524.549  427   35 4146.33561 -10791.723   360%  14.2 7331s
 1822300 680602     cutoff  464      4146.33561 -10791.723   360%  14.2 7337s
 1824162 680940 -9746.9376  432   38 4146.33561 -10791.723   360%  14.2 7342s
 1825044 681148     cutoff  453      4146.33561 -10791.723   360%  14.2 7345s
 1826975 681460     cutoff  449      4146.33561 -10791.723   360%  14.2 7350s
 1828591 681835     cutoff  451      4146.33561 -10791.723   360%  14.2 7356s
 1830395 682109 -10194.557  445   17 4146.33561 -10791.723   360%  14.2 7361s
 1832025 682414     cutoff  446      4146.33561 -10791.723   360%  14.2 7367s
 1832782 682693 -10692.191  440   57 4146.33561 -10791.723   360%  14.2 7370s
 1833668 683027 -9789.2649  446   51 4146.33561 -10791.723   360%  14.2 7378s
 1834514 683332 -10517.172  428   19 4146.33561 -10791.723   360%  14.2 7381s
 1836212 684118 -10030.328  466   28 4146.33561 -10791.723   360%  14.2 7387s
 1837008 684494 -10480.781  451   31 4146.33561 -10791.723   360%  14.2 7390s
 1838467 685227 -10575.122  443   24 4146.33561 -10791.723   360%  14.2 7396s
 1840405 685947 -10438.974  428   24 4146.33561 -10791.723   360%  14.2 7403s
 1841183 686448     cutoff  466      4146.33561 -10791.723   360%  14.2 7405s
 1843069 687363 -10469.628  457   28 4146.33561 -10791.723   360%  14.2 7412s
 1844490 687955     cutoff  442      4146.33561 -10791.723   360%  14.2 7418s
 1845280 688363 -9668.1246  466   30 4146.33561 -10791.723   360%  14.2 7421s
 1847054 689161 -10683.050  426   30 4146.33561 -10791.723   360%  14.2 7427s
 1847802 689733 -10791.723  440   51 4146.33561 -10791.723   360%  14.2 7430s
 1848893 690174 -10374.465  471   10 4146.33561 -10791.723   360%  14.2 7438s
 1849712 690535 -9737.7956  477   38 4146.33561 -10791.723   360%  14.2 7441s
 1850439 691141 -10501.552  460   25 4146.33561 -10791.723   360%  14.2 7445s
 1852396 691921     cutoff  473      4146.33561 -10791.723   360%  14.2 7450s
 1854005 692838 -10314.535  459   35 4146.33561 -10791.723   360%  14.2 7456s
 1856211 693158 -10188.451  429   10 4146.33561 -10791.723   360%  14.2 7462s
 1857017 693368 -10201.034  439   42 4146.33561 -10791.723   360%  14.2 7465s
 1858530 693751 infeasible  436      4146.33561 -10791.723   360%  14.2 7471s
 1860477 694045 -10201.034  433   20 4146.33561 -10791.723   360%  14.2 7476s
 1862022 694264 -10201.034  438   27 4146.33561 -10791.723   360%  14.2 7482s
 1862760 694404 -10201.034  424   14 4146.33561 -10791.723   360%  14.2 7485s
 1863553 694510     cutoff  442      4146.33561 -10791.723   360%  14.2 7492s
 1864309 694655     cutoff  430      4146.33561 -10791.723   360%  14.2 7496s
 1866219 695140 -10438.974  420   26 4146.33561 -10791.723   360%  14.2 7503s
 1867097 695301 -10188.451  431   27 4146.33561 -10791.723   360%  14.2 7506s
 1868596 695592 -10201.034  420   32 4146.33561 -10791.723   360%  14.2 7512s
 1869513 696079     cutoff  465      4146.33561 -10791.723   360%  14.2 7515s
 1871435 696872     cutoff  448      4146.33561 -10791.723   360%  14.2 7520s
 1873312 697826 -10537.693  417   26 4146.33561 -10791.723   360%  14.2 7527s
 1874982 698524 -9707.3753  466   23 4146.33561 -10791.723   360%  14.2 7532s
 1875764 698915 -10469.628  460   27 4146.33561 -10791.723   360%  14.2 7535s
 1877498 699724 -10692.188  454   53 4146.33561 -10791.723   360%  14.2 7541s
 1878191 700174 -10692.191  441   66 4146.33561 -10791.723   360%  14.2 7549s
 1879254 700399 -10692.191  439   43 4146.33561 -10791.723   360%  14.2 7552s
 1879829 700578 -10465.285  461   20 4146.33561 -10791.723   360%  14.2 7557s
 1880176 700962 -10281.286  473   36 4146.33561 -10791.723   360%  14.2 7560s
 1881822 701952 -10501.552  455   27 4146.33561 -10791.723   360%  14.2 7566s
 1882774 702549 -10537.693  447   31 4146.33561 -10791.723   360%  14.2 7570s
 1884749 703651 -10657.857  441   26 4146.33561 -10791.723   360%  14.2 7575s
 1886588 704785 -10575.122  452   25 4146.33561 -10791.723   360%  14.2 7581s
 1888464 705723 -10786.747  437   71 4146.33561 -10791.723   360%  14.2 7587s
 1889507 706088 infeasible  478      4146.33561 -10791.723   360%  14.2 7590s
 1890999 707018 -10345.877  457   37 4146.33561 -10791.723   360%  14.2 7595s
 1892720 707898     cutoff  485      4146.33561 -10791.723   360%  14.2 7606s
 1894434 708682 -10330.030  467   29 4146.33561 -10791.723   360%  14.2 7611s
 1896047 709401 -10541.437  452   30 4146.33561 -10791.723   360%  14.1 7616s
 1896717 709836 -10510.694  456   52 4146.33561 -10791.723   360%  14.1 7620s
 1898228 710595 -10480.781  462   30 4146.33561 -10791.723   360%  14.1 7626s
 1899801 711620 -9746.9376  478   16 4146.33561 -10791.723   360%  14.1 7631s
 1901640 712663 -10779.281  443   68 4146.33561 -10791.723   360%  14.1 7637s
 1902734 712964     cutoff  481      4146.33561 -10791.723   360%  14.1 7640s
 1904366 713939 -10791.723  438   47 4146.33561 -10791.723   360%  14.1 7646s
 1906145 714944     cutoff  461      4146.33561 -10791.723   360%  14.1 7651s
 1907908 716004 -10683.046  445   46 4146.33561 -10791.723   360%  14.1 7662s
 1909691 716888 -10266.756  470   31 4146.33561 -10791.723   360%  14.1 7667s
 1911153 717627 -10541.441  448   26 4146.33561 -10791.723   360%  14.1 7672s
 1912696 718314     cutoff  476      4146.33561 -10791.723   360%  14.1 7677s
 1913545 718655 infeasible  482      4146.33561 -10791.723   360%  14.1 7680s
 1914862 719526     cutoff  450      4146.33561 -10791.723   360%  14.1 7686s
 1916356 720116 -10320.382  460   31 4146.33561 -10791.723   360%  14.1 7691s
 1917750 720875 -10423.636  459   14 4146.33561 -10791.723   360%  14.1 7697s
 1918496 721429 -9746.9376  474   20 4146.33561 -10791.723   360%  14.1 7700s
 1920265 722615 -10350.802  470   14 4146.33561 -10791.723   360%  14.1 7706s
 1922126 723501 -10787.578  438   67 4146.33561 -10791.723   360%  14.1 7711s
 1923075 724013 -10046.174  455   17 4146.33561 -10791.723   360%  14.1 7719s
 1923878 724578 -10472.658  454   45 4146.33561 -10791.723   360%  14.1 7722s
 1925804 725553 -10791.723  443   39 4146.33561 -10791.723   360%  14.1 7727s
 1926802 725986 -10791.722  446   34 4146.33561 -10791.723   360%  14.1 7730s
 1928545 726776     cutoff  474      4146.33561 -10791.723   360%  14.1 7735s
 1930195 727837     cutoff  474      4146.33561 -10791.723   360%  14.1 7741s
 1931961 728955 -9668.1246  454   23 4146.33561 -10791.723   360%  14.1 7746s
 1933714 729842 -10014.712  470   44 4146.33561 -10791.723   360%  14.1 7751s
 1935105 730540 -10438.166  456   21 4146.33561 -10791.723   360%  14.1 7756s
 1936510 731539 -10791.723  442   54 4146.33561 -10791.723   360%  14.1 7761s
 1938105 732383 -10447.534  447   34 4146.33561 -10791.723   360%  14.1 7772s
 1939053 732741 -10447.534  460   53 4146.33561 -10791.723   360%  14.1 7775s
 1940443 733602 -9789.2649  465   25 4146.33561 -10791.723   360%  14.1 7780s
 1942209 734447 -10374.465  465   39 4146.33561 -10791.723   360%  14.1 7786s
 1944181 735325     cutoff  487      4146.33561 -10791.723   360%  14.1 7792s
 1944993 735739     cutoff  468      4146.33561 -10791.723   360%  14.1 7795s
 1946703 736292 -10510.694  455   14 4146.33561 -10791.723   360%  14.1 7801s
 1948240 737094     cutoff  473      4146.33561 -10791.723   360%  14.1 7807s
 1949093 737362     cutoff  447      4146.33561 -10791.723   360%  14.1 7810s
 1950669 737855 -10213.543  445   31 4146.33561 -10791.723   360%  14.1 7816s
 1952327 738072 -10128.376  445   13 4146.33561 -10791.723   360%  14.1 7821s
 1953050 738225     cutoff  437      4146.33561 -10791.723   360%  14.1 7829s
 1953959 738340 -10258.984  440   37 4146.33561 -10791.723   360%  14.1 7831s
 1955827 738719     cutoff  441      4146.33561 -10791.723   360%  14.1 7837s
 1957366 738969 -10122.029  442   18 4146.33561 -10791.723   360%  14.1 7842s
 1958086 739147 -10791.723  424   36 4146.33561 -10791.723   360%  14.1 7845s
 1959300 739350 -9340.0977  441   18 4146.33561 -10791.723   360%  14.1 7850s
 1961068 739584 -10341.716  427   46 4146.33561 -10791.723   360%  14.1 7856s
 1962710 739874     cutoff  470      4146.33561 -10791.723   360%  14.1 7862s
 1964383 740014 -10213.952  439   31 4146.33561 -10791.723   360%  14.1 7867s
 1965216 740176 -10541.629  430   57 4146.33561 -10791.723   360%  14.1 7870s
 1966938 740462 infeasible  433      4146.33561 -10791.723   360%  14.1 7876s
 1967740 740585     cutoff  430      4146.33561 -10791.723   360%  14.1 7883s
 1968583 740785 -10546.084  435   32 4146.33561 -10791.723   360%  14.1 7886s
 1970178 740906     cutoff  460      4146.33561 -10791.723   360%  14.1 7892s
 1971782 741220     cutoff  468      4146.33561 -10791.723   360%  14.1 7897s
 1972644 741327 -10791.723  452   47 4146.33561 -10791.723   360%  14.1 7900s
 1974487 741592     cutoff  458      4146.33561 -10791.723   360%  14.1 7906s
 1976238 741709 infeasible  433      4146.33561 -10791.723   360%  14.1 7911s
 1977612 742074 -10791.723  452   60 4146.33561 -10791.723   360%  14.1 7917s
 1978246 742515 -10431.881  445   25 4146.33561 -10791.723   360%  14.1 7920s
 1979842 743359 -10791.723  442   50 4146.33561 -10791.723   360%  14.1 7926s
 1981631 744143 infeasible  492      4146.33561 -10791.723   360%  14.1 7932s
 1982221 744458 -10510.694  459   39 4146.33561 -10791.723   360%  14.1 7940s
 1982937 744934 -9771.5187  476   23 4146.33561 -10791.723   360%  14.1 7947s
 1983752 745353 -10471.132  454   39 4146.33561 -10791.723   360%  14.1 7951s
 1984695 745943 -10692.191  450   34 4146.33561 -10791.723   360%  14.1 7955s
 1987066 747185 -9789.2649  474   24 4146.33561 -10791.723   360%  14.1 7962s
 1987993 747626 -10501.552  470   33 4146.33561 -10791.723   360%  14.1 7965s
 1989731 748634 -10501.552  480   52 4146.33561 -10791.723   360%  14.1 7972s
 1990823 749042 -10374.465  490   37 4146.33561 -10791.723   360%  14.1 7975s
 1992367 749982 -10501.552  476   24 4146.33561 -10791.723   360%  14.1 7981s
 1994380 750884 -10465.165  468   21 4146.33561 -10791.723   360%  14.1 7987s
 1995113 751177     cutoff  428      4146.33561 -10791.723   360%  14.1 7990s
 1996995 751449 -10791.723  425   35 4146.33561 -10791.723   360%  14.1 8001s
 1997584 751772 -10546.084  423   27 4146.33561 -10791.723   360%  14.1 8005s
 1999624 752215     cutoff  453      4146.33561 -10791.723   360%  14.1 8012s
 2000605 752412 -10149.148  427   30 4146.33561 -10791.723   360%  14.1 8015s
 2002566 753638 -10281.131  465   17 4146.33561 -10791.723   360%  14.1 8021s
 2004697 754743 -10791.723  448   53 4146.33561 -10791.723   360%  14.1 8027s
 2005749 755153 -10314.415  483   17 4146.33561 -10791.723   360%  14.1 8030s
 2007373 756146 -10431.881  461   36 4146.33561 -10791.723   360%  14.1 8036s
 2009158 757066 -10537.693  462   30 4146.33561 -10791.723   360%  14.1 8042s
 2009943 757655 -10501.552  468   29 4146.33561 -10791.723   360%  14.1 8045s
 2011798 758715 -10423.636  467   22 4146.33561 -10791.723   360%  14.1 8056s
 2013408 759457 -10553.022  483   30 4146.33561 -10791.723   360%  14.1 8060s
 2014717 760320 -10501.552  477   24 4146.33561 -10791.723   360%  14.1 8066s
 2016666 761242 -10692.191  446   70 4146.33561 -10791.723   360%  14.1 8071s
 2017298 761733 -10496.627  449   21 4146.33561 -10791.723   360%  14.1 8075s
 2019020 762792 -10051.099  477   18 4146.33561 -10791.723   360%  14.1 8080s
 2020762 763797     cutoff  482      4146.33561 -10791.723   360%  14.1 8086s
 2022448 764617 -10471.132  448   32 4146.33561 -10791.723   360%  14.1 8092s
 2023320 765048 infeasible  466      4146.33561 -10791.723   360%  14.1 8095s
 2024977 766141 -10287.416  493   34 4146.33561 -10791.723   360%  14.1 8100s
 2026709 767190 -10431.881  463   31 4146.33561 -10791.723   360%  14.1 8111s
 2028466 768119 -9789.2649  471   32 4146.33561 -10791.723   360%  14.1 8116s
 2030326 769175 -9737.7956  486   41 4146.33561 -10791.723   360%  14.1 8122s
 2031995 769967 -10692.191  450   67 4146.33561 -10791.723   360%  14.1 8127s
 2033330 770650 -10501.552  467   24 4146.33561 -10791.723   360%  14.1 8132s
 2034074 771258 -9712.6022  487   26 4146.33561 -10791.723   360%  14.1 8135s
 2035840 772102 -10465.285  464   35 4146.33561 -10791.723   360%  14.1 8140s
 2037507 772887 -10501.552  477   31 4146.33561 -10791.723   360%  14.0 8145s
 2039322 773932     cutoff  495      4146.33561 -10791.723   360%  14.0 8150s
 2041213 775015 -10501.552  465   24 4146.33561 -10791.723   360%  14.0 8161s
 2041874 775444 -10471.132  455   21 4146.33561 -10791.723   360%  14.0 8165s
 2043585 776218 -9663.0061  489   24 4146.33561 -10791.723   360%  14.0 8172s
 2044477 777050 -10496.627  452   21 4146.33561 -10791.723   360%  14.0 8175s
 2046779 778178 -9727.1583  489   61 4146.33561 -10791.723   360%  14.0 8182s
 2047855 778580     cutoff  493      4146.33561 -10791.723   360%  14.0 8185s
 2049165 779494 -10051.099  479   21 4146.33561 -10791.723   360%  14.0 8191s
 2050906 780306 -10530.089  458   36 4146.33561 -10791.723   360%  14.0 8196s
 2052608 781302 -10338.324  477   17 4146.33561 -10791.723   360%  14.0 8202s
 2053554 781600 infeasible  463      4146.33561 -10791.723   360%  14.0 8205s
 2055194 782689 infeasible  467      4146.33561 -10791.723   360%  14.0 8211s
 2056331 783099 -9762.3767  489   24 4146.33561 -10791.723   360%  14.0 8218s
 2057141 783818 -10350.802  478   29 4146.33561 -10791.723   360%  14.0 8222s
 2059140 784558 -10501.552  464   28 4146.33561 -10791.723   360%  14.0 8227s
 2059869 785043     cutoff  497      4146.33561 -10791.723   360%  14.0 8230s
 2061375 785719 -10386.943  466   26 4146.33561 -10791.723   360%  14.0 8235s
 2062841 786533 -10537.693  472   32 4146.33561 -10791.723   360%  14.0 8240s
 2064653 787378 -10501.552  470   29 4146.33561 -10791.723   360%  14.0 8246s
 2066457 788311 -10102.569  499   36 4146.33561 -10791.723   360%  14.0 8251s
 2067924 789048 -9789.2649  499   16 4146.33561 -10791.723   360%  14.0 8257s
 2068594 789327 -9737.7956  490   26 4146.33561 -10791.723   360%  14.0 8261s
 2069866 790115 -10350.802  479   32 4146.33561 -10791.723   360%  14.0 8267s
 2070576 790470     cutoff  494      4146.33561 -10791.723   360%  14.0 8270s
 2071398 790943 -9737.7956  491   23 4146.33561 -10791.723   360%  14.0 8279s
 2072273 791453     cutoff  489      4146.33561 -10791.723   360%  14.0 8282s
 2073395 791866 -10537.693  474   33 4146.33561 -10791.723   360%  14.0 8285s
 2074919 792545 -10102.569  497   22 4146.33561 -10791.723   360%  14.0 8290s
 2076236 793346 -10359.944  459   20 4146.33561 -10791.723   360%  14.0 8295s
 2077919 794095 -10402.271  470   32 4146.33561 -10791.723   360%  14.0 8301s
 2079443 795012     cutoff  471      4146.33561 -10791.723   360%  14.0 8307s
 2081152 795804 -9737.7956  492   42 4146.33561 -10791.723   360%  14.0 8312s
 2082056 796193 -10051.099  481   20 4146.33561 -10791.723   360%  14.0 8315s
 2083728 797151 -10501.552  474   28 4146.33561 -10791.723   360%  14.0 8321s
 2085561 798154 -10791.723  440   61 4146.33561 -10791.723   360%  14.0 8327s
 2086365 798668 -10791.723  435   51 4146.33561 -10791.723   360%  14.0 8334s
 2087215 799093 -10501.552  454   25 4146.33561 -10791.723   360%  14.0 8337s
 2087998 799568 -10501.552  468   27 4146.33561 -10791.723   360%  14.0 8341s
 2090057 800569 -10683.050  452   35 4146.33561 -10791.723   360%  14.0 8347s
 2091605 801553 -10402.271  463   17 4146.33561 -10791.723   360%  14.0 8352s
 2092556 801878 infeasible  450      4146.33561 -10791.723   360%  14.0 8355s
 2094306 802808     cutoff  485      4146.33561 -10791.723   360%  14.0 8360s
 2095940 803718 -10692.188  444   66 4146.33561 -10791.723   360%  14.0 8365s
 2097794 804744 -10683.046  463   64 4146.33561 -10791.723   360%  14.0 8371s
 2099332 805479     cutoff  476      4146.33561 -10791.723   360%  14.0 8376s
 2101006 806306 -10537.693  459   24 4146.33561 -10791.723   360%  14.0 8387s
 2101867 806789 -10523.714  451   29 4146.33561 -10791.723   360%  14.0 8390s
 2103674 807725 -10501.552  454   27 4146.33561 -10791.723   360%  14.0 8395s
 2105215 808384     cutoff  492      4146.33561 -10791.723   360%  14.0 8400s
 2106823 809254 -9732.8704  485   22 4146.33561 -10791.723   360%  14.0 8406s
 2108549 810163 -10386.943  457   22 4146.33561 -10791.723   360%  14.0 8412s
 2109343 810663     cutoff  487      4146.33561 -10791.723   360%  14.0 8415s
 2111107 811557 -10553.022  482   23 4146.33561 -10791.723   360%  14.0 8420s
 2112691 812565 -10501.552  464   27 4146.33561 -10791.723   360%  14.0 8426s
 2114489 813430     cutoff  457      4146.33561 -10791.723   360%  14.0 8431s
 2115440 813828     cutoff  494      4146.33561 -10791.723   360%  14.0 8439s
 2116200 814219 -9789.2649  476   36 4146.33561 -10791.723   360%  14.0 8442s
 2116887 814715 -10429.984  464   25 4146.33561 -10791.723   360%  14.0 8446s
 2118866 815953     cutoff  477      4146.33561 -10791.723   360%  14.0 8452s
 2120087 816389 -9737.7956  493   19 4146.33561 -10791.723   360%  14.0 8455s
 2121732 817256 -10683.046  451   47 4146.33561 -10791.723   360%  14.0 8461s
 2123375 818011 -10657.854  460   50 4146.33561 -10791.723   360%  14.0 8467s
 2124006 818366 -10320.382  474   22 4146.33561 -10791.723   360%  14.0 8470s
 2125712 819372 -10692.191  445   31 4146.33561 -10791.723   360%  14.0 8476s
 2127148 820330 -10624.282  448   31 4146.33561 -10791.723   360%  14.0 8482s
 2128110 820836 -10501.552  467   45 4146.33561 -10791.723   360%  14.0 8485s
 2130047 821840     cutoff  468      4146.33561 -10791.723   360%  13.9 8496s
 2131663 822533 -10553.022  473   21 4146.33561 -10791.723   360%  13.9 8502s
 2132395 823037 -9813.8460  488   17 4146.33561 -10791.723   360%  13.9 8505s
 2134195 823883 -10501.552  458   26 4146.33561 -10791.723   360%  13.9 8510s
 2135829 824713 -10692.188  442   60 4146.33561 -10791.723   360%  13.9 8516s
 2137555 825625 -9301.5487  480   53 4146.33561 -10791.723   360%  13.9 8522s
 2139418 826687 -9746.9376  487   21 4146.33561 -10791.723   360%  13.9 8527s
 2140449 827131 -10537.693  456   29 4146.33561 -10791.723   360%  13.9 8530s
 2142234 828126 -10476.359  457   34 4146.33561 -10791.723   360%  13.9 8535s
 2143657 828733 -10541.637  447   38 4146.33561 -10791.723   360%  13.9 8540s
 2145181 829699 -10791.723  445   51 4146.33561 -10791.723   360%  13.9 8551s
 2147129 830635 -10782.675  446   66 4146.33561 -10791.723   360%  13.9 8557s
 2147829 831177     cutoff  482      4146.33561 -10791.723   360%  13.9 8560s
 2149523 831895 -10465.285  453   37 4146.33561 -10791.723   360%  13.9 8565s
 2150990 832769 -9674.4097  474   41 4146.33561 -10791.723   360%  13.9 8571s
 2152955 833844 -10389.794  488   34 4146.33561 -10791.723   360%  13.9 8576s
 2154643 834846 -10692.188  449   72 4146.33561 -10791.723   360%  13.9 8582s
 2155454 835238 -10501.552  474   42 4146.33561 -10791.723   360%  13.9 8585s
 2156896 835981 -10476.359  461   20 4146.33561 -10791.723   360%  13.9 8590s
 2158727 836790 -10314.535  469   20 4146.33561 -10791.723   360%  13.9 8595s
 2160132 837766 -10683.046  445   43 4146.33561 -10791.723   360%  13.9 8606s
 2161856 838564 -10501.552  453   31 4146.33561 -10791.723   360%  13.9 8611s
 2163344 839269 -10758.545  448   52 4146.33561 -10791.723   360%  13.9 8617s
 2164955 840061 -10424.371  457   25 4146.33561 -10791.723   360%  13.9 8622s
 2165665 840495     cutoff  489      4146.33561 -10791.723   360%  13.9 8625s
 2167245 841320 infeasible  473      4146.33561 -10791.723   360%  13.9 8631s
 2169140 842374 -10350.802  473   33 4146.33561 -10791.723   360%  13.9 8636s
 2171058 843330 infeasible  462      4146.33561 -10791.723   360%  13.9 8642s
 2171651 843717 -10402.271  454   25 4146.33561 -10791.723   360%  13.9 8645s
 2173004 844544 -10325.609  463   48 4146.33561 -10791.723   360%  13.9 8650s
 2174708 845510 -10447.534  467   34 4146.33561 -10791.723   360%  13.9 8661s
 2176686 846382 -10350.802  459   30 4146.33561 -10791.723   360%  13.9 8666s
 2178032 847141     cutoff  456      4146.33561 -10791.723   360%  13.9 8671s
 2179605 847982 -9773.9363  488   25 4146.33561 -10791.723   360%  13.9 8677s
 2180281 848377 -10510.694  455   39 4146.33561 -10791.723   360%  13.9 8680s
 2181687 849011 -9564.7768  480   20 4146.33561 -10791.723   360%  13.9 8686s
 2183338 849787 -10465.285  460   37 4146.33561 -10791.723   360%  13.9 8692s
 2184996 850783     cutoff  482      4146.33561 -10791.723   360%  13.9 8698s
 2186069 851271 -10692.191  444   62 4146.33561 -10791.723   360%  13.9 8701s
 2187589 852153 -10350.802  473   32 4146.33561 -10791.723   360%  13.9 8706s
 2189512 853163 -9737.7956  472   40 4146.33561 -10791.723   360%  13.9 8717s
 2191306 853839     cutoff  498      4146.33561 -10791.723   360%  13.9 8722s
 2192082 854213     cutoff  453      4146.33561 -10791.723   360%  13.9 8725s
 2193479 855088 -10692.188  450   38 4146.33561 -10791.723   360%  13.9 8730s
 2194320 855110 -10350.802  464   31 4146.33561 -10791.723   360%  13.9 8737s
 2194354 855313 -10791.723  445   52 4146.33561 -10791.723   360%  13.9 8740s
 2195497 856343 -9762.3767  484   20 4146.33561 -10791.723   360%  13.9 8746s
 2197183 857282 -10775.135  450   68 4146.33561 -10791.723   360%  13.9 8752s
 2198086 857660 -10501.552  450   17 4146.33561 -10791.723   360%  13.9 8755s
 2199773 858529 -9737.7956  492   21 4146.33561 -10791.723   360%  13.9 8762s
 2201366 859520 -10350.802  474   25 4146.33561 -10791.723   360%  13.9 8768s
 2202440 859880 -10541.441  455   51 4146.33561 -10791.723   360%  13.9 8771s
 2203959 860973 -10287.416  469   29 4146.33561 -10791.723   360%  13.9 8781s
 2205783 861832 -10496.627  464   23 4146.33561 -10791.723   360%  13.9 8786s
 2207298 862637 -10657.854  454   33 4146.33561 -10791.723   360%  13.9 8791s
 2208925 863430 -10575.122  449   37 4146.33561 -10791.723   360%  13.9 8796s
 2210346 863993 -10646.781  455   52 4146.33561 -10791.723   360%  13.9 8801s
 2212122 865056 infeasible  451      4146.33561 -10791.723   360%  13.9 8806s
 2213802 865888     cutoff  484      4146.33561 -10791.723   360%  13.9 8811s
 2215412 866796 -10532.296  461   35 4146.33561 -10791.723   360%  13.9 8817s
 2217023 867826     cutoff  471      4146.33561 -10791.723   360%  13.9 8822s
 2218006 868091 -10692.191  448   57 4146.33561 -10791.723   360%  13.9 8825s
 2218593 868510 -9789.2649  477   35 4146.33561 -10791.723   360%  13.9 8833s
 2219454 869009 -10501.552  462   28 4146.33561 -10791.723   360%  13.9 8836s
 2221206 870026 -10501.552  465   29 4146.33561 -10791.723   360%  13.9 8841s
 2223079 870942 -10683.050  455   43 4146.33561 -10791.723   360%  13.9 8847s
 2224707 872012 -10350.802  478   29 4146.33561 -10791.723   360%  13.9 8852s
 2225736 872323 -10314.415  476   22 4146.33561 -10791.723   360%  13.9 8855s
 2227199 873184 -10386.943  477   28 4146.33561 -10791.723   360%  13.9 8860s
 2228933 874057 -9987.7136  483   17 4146.33561 -10791.723   360%  13.9 8865s
 2230736 875055     cutoff  477      4146.33561 -10791.723   360%  13.9 8871s
 2232409 875849 -10501.552  457   29 4146.33561 -10791.723   360%  13.9 8876s
 2233162 876372 -10501.552  468   25 4146.33561 -10791.723   360%  13.9 8885s
 2234849 877237 -10602.746  447   27 4146.33561 -10791.723   360%  13.9 8891s
 2236569 878095 -10252.606  471   18 4146.33561 -10791.723   360%  13.9 8896s
 2238107 879026 -10553.022  484   24 4146.33561 -10791.723   360%  13.9 8902s
 2238938 879470     cutoff  507      4146.33561 -10791.723   360%  13.9 8905s
 2240776 880453 -9737.7956  490   24 4146.33561 -10791.723   360%  13.9 8911s
 2242689 881513 -10501.552  476   64 4146.33561 -10791.723   360%  13.9 8916s
 2244049 882276 -10314.535  475   40 4146.33561 -10791.723   360%  13.9 8921s
 2245578 883085 -9789.2649  463   21 4146.33561 -10791.723   360%  13.8 8927s
 2246448 883626 -10771.819  442   65 4146.33561 -10791.723   360%  13.8 8930s
 2248327 884637 -10692.188  447   58 4146.33561 -10791.723   360%  13.8 8941s
 2249998 885432 -10683.050  447   37 4146.33561 -10791.723   360%  13.8 8946s
 2251560 886324 -9789.2649  484   21 4146.33561 -10791.723   360%  13.8 8951s
 2253230 887387     cutoff  493      4146.33561 -10791.723   360%  13.8 8956s
 2255110 888300 -10692.188  456   42 4146.33561 -10791.723   360%  13.8 8961s
 2256777 889364 -9762.3767  485   17 4146.33561 -10791.723   360%  13.8 8966s
 2258418 890017 -10431.881  453   33 4146.33561 -10791.723   360%  13.8 8972s
 2260031 890998 -10081.845  460   46 4146.33561 -10791.723   360%  13.8 8977s
 2261504 891826 -9591.4332  492   17 4146.33561 -10791.723   360%  13.8 8982s
 2262175 892402 -9737.7956  474   37 4146.33561 -10791.723   360%  13.8 8985s
 2263225 892942 -10791.723  443   55 4146.33561 -10791.723   360%  13.8 8992s
 2264139 893611 -10313.131  474   17 4146.33561 -10791.723   360%  13.8 8995s
 2265931 894503 -10624.282  450   51 4146.33561 -10791.723   360%  13.8 9000s
 2267573 895418 -9737.7956  491   19 4146.33561 -10791.723   360%  13.8 9005s
 2269342 896339 -10553.022  484   22 4146.33561 -10791.723   360%  13.8 9010s
 2270790 897396 -10692.191  446   43 4146.33561 -10791.723   360%  13.8 9015s
 2272602 898344 -10051.099  463   28 4146.33561 -10791.723   360%  13.8 9020s
 2274263 899122 -10788.169  451   74 4146.33561 -10791.723   360%  13.8 9025s
 2275799 899573 -10657.854  453   37 4146.33561 -10791.723   360%  13.8 9032s
 2276342 900167     cutoff  471      4146.33561 -10791.723   360%  13.8 9037s
 2276969 900526 -10087.240  471   17 4146.33561 -10791.723   360%  13.8 9040s
 2277686 901066 -10501.552  479   20 4146.33561 -10791.723   360%  13.8 9047s
 2278611 901625 -10501.552  469   33 4146.33561 -10791.723   360%  13.8 9050s
 2280271 902311 -10692.191  451   49 4146.33561 -10791.723   360%  13.8 9055s
 2281698 903287 -10553.022  460   29 4146.33561 -10791.723   360%  13.8 9061s
 2283474 904244     cutoff  493      4146.33561 -10791.723   360%  13.8 9066s
 2285205 905042 -10501.552  464   38 4146.33561 -10791.723   360%  13.8 9071s
 2286596 905942 -10537.693  457   47 4146.33561 -10791.723   360%  13.8 9077s
 2287576 906389 infeasible  477      4146.33561 -10791.723   360%  13.8 9080s
 2289206 907426 -10350.802  463   17 4146.33561 -10791.723   360%  13.8 9085s
 2290815 908332 -10791.723  439   35 4146.33561 -10791.723   360%  13.8 9091s
 2292428 909163 -10472.658  453   24 4146.33561 -10791.723   360%  13.8 9102s
 2293135 909655 -10438.166  461   52 4146.33561 -10791.723   360%  13.8 9105s
 2295253 910761 infeasible  453      4146.33561 -10791.723   360%  13.8 9111s
 2297244 911736 -10692.188  446   44 4146.33561 -10791.723   360%  13.8 9117s
 2298617 912641     cutoff  486      4146.33561 -10791.723   360%  13.8 9123s
 2299610 913114 -10692.188  450   60 4146.33561 -10791.723   360%  13.8 9126s
 2301299 913950 -10447.534  459   26 4146.33561 -10791.723   360%  13.8 9133s
 2301936 914329 -10447.534  473   44 4146.33561 -10791.723   360%  13.8 9136s
 2303502 915457 -10476.359  469   17 4146.33561 -10791.723   360%  13.8 9141s
 2305315 916599 -10791.723  442   56 4146.33561 -10791.723   360%  13.8 9147s
 2307177 917442 -9737.7956  479   34 4146.33561 -10791.723   360%  13.8 9158s
 2307995 917954 -10791.723  440   55 4146.33561 -10791.723   360%  13.8 9161s
 2309646 918833 -10438.166  466   28 4146.33561 -10791.723   360%  13.8 9167s
 2310751 919194 -9789.2649  474   16 4146.33561 -10791.723   360%  13.8 9170s
 2312175 920065 -10496.627  457   33 4146.33561 -10791.723   360%  13.8 9175s
 2314029 920990 -10766.841  448   65 4146.33561 -10791.723   360%  13.8 9182s
 2314977 921419 infeasible  454      4146.33561 -10791.723   360%  13.8 9185s
 2316534 922194 -10476.359  446   28 4146.33561 -10791.723   360%  13.8 9190s
 2317925 922965     cutoff  460      4146.33561 -10791.723   360%  13.8 9196s
 2319822 923887 -10537.693  462   29 4146.33561 -10791.723   360%  13.8 9202s
 2321688 924794     cutoff  460      4146.33561 -10791.723   360%  13.8 9212s
 2322486 925470 -10692.191  448   43 4146.33561 -10791.723   360%  13.8 9215s
 2324401 926279 -10465.285  459   44 4146.33561 -10791.723   360%  13.8 9220s
 2325714 927010     cutoff  455      4146.33561 -10791.723   360%  13.8 9226s
 2327311 928004 -10537.693  467   35 4146.33561 -10791.723   360%  13.8 9232s
 2328469 928389 -10683.046  453   35 4146.33561 -10791.723   360%  13.8 9235s
 2330255 929298 -10350.802  460   33 4146.33561 -10791.723   360%  13.8 9241s
 2331970 930175 -10131.466  472   21 4146.33561 -10791.723   360%  13.8 9247s
 2333263 930911 -10438.166  461   49 4146.33561 -10791.723   360%  13.8 9252s
 2334017 931239 -10476.359  456   17 4146.33561 -10791.723   360%  13.8 9255s
 2335381 931969 -9732.8704  485   18 4146.33561 -10791.723   360%  13.8 9260s
 2336184 932530 -10537.693  470   30 4146.33561 -10791.723   360%  13.8 9268s
 2337137 932748 -10431.881  464   18 4146.33561 -10791.723   360%  13.8 9271s
 2338822 933691     cutoff  478      4146.33561 -10791.723   360%  13.8 9277s
 2340566 934683 -10501.552  454   28 4146.33561 -10791.723   360%  13.8 9282s
 2342477 935318 -9762.3767  460   20 4146.33561 -10791.723   360%  13.8 9286s
 2342807 935901 -10553.022  459   30 4146.33561 -10791.723   360%  13.8 9291s
 2344274 936828 -10208.972  472   25 4146.33561 -10791.723   360%  13.8 9297s
 2345814 937782 -10624.282  448   30 4146.33561 -10791.723   360%  13.8 9302s
 2346742 938206 -10501.552  454   38 4146.33561 -10791.723   360%  13.8 9305s
 2348404 939111 -10541.637  455   46 4146.33561 -10791.723   360%  13.8 9311s
 2349996 940130 -10501.552  455   51 4146.33561 -10791.723   360%  13.8 9316s
 2351139 940560 -10478.280  462   38 4146.33561 -10791.723   360%  13.8 9324s
 2351988 941040 -10575.122  450   30 4146.33561 -10791.723   360%  13.8 9327s
 2353511 941806     cutoff  473      4146.33561 -10791.723   360%  13.8 9332s
 2354358 942452 -9737.7956  486   19 4146.33561 -10791.723   360%  13.8 9336s
 2356335 943370 -10438.166  456   20 4146.33561 -10791.723   360%  13.8 9341s
 2358159 944205 -9732.8704  487   19 4146.33561 -10791.723   360%  13.8 9346s
 2359716 944986 -9737.7956  457   22 4146.33561 -10791.723   360%  13.8 9352s
 2360413 945407 -10389.794  480   35 4146.33561 -10791.723   360%  13.8 9355s
 2362099 946252 -10692.188  450   48 4146.33561 -10791.723   360%  13.8 9361s
 2363690 946897     cutoff  458      4146.33561 -10791.723   360%  13.8 9366s
 2365368 947568 -10374.465  461   21 4146.33561 -10791.723   360%  13.8 9372s
 2366095 948009 -10782.674  454   82 4146.33561 -10791.723   360%  13.8 9380s
 2367825 948893 -10333.399  479   37 4146.33561 -10791.723   360%  13.8 9385s
 2369562 949842 -10386.943  455   20 4146.33561 -10791.723   360%  13.8 9390s
 2371311 950595 -10458.506  463   48 4146.33561 -10791.723   360%  13.8 9395s
 2373084 951526 -10537.693  457   29 4146.33561 -10791.723   360%  13.8 9400s
 2374695 952373 -10553.022  486   29 4146.33561 -10791.723   360%  13.8 9405s
 2376121 953082     cutoff  448      4146.33561 -10791.723   360%  13.8 9411s
 2377624 953767 -10260.408  476   40 4146.33561 -10791.723   360%  13.8 9416s
 2379225 954683 -10575.122  446   30 4146.33561 -10791.723   360%  13.8 9421s
 2381012 955614 -10646.781  456   36 4146.33561 -10791.723   360%  13.8 9432s
 2381859 956067 -10274.938  470   25 4146.33561 -10791.723   360%  13.8 9435s
 2383624 957017 -10501.552  454   34 4146.33561 -10791.723   360%  13.8 9440s
 2385349 957734     cutoff  463      4146.33561 -10791.723   360%  13.8 9446s
 2386856 958485 -10553.022  456   23 4146.33561 -10791.723   360%  13.8 9452s
 2387742 958983 -10350.802  468   20 4146.33561 -10791.723   360%  13.8 9455s
 2389431 959851 -10530.089  451   30 4146.33561 -10791.723   360%  13.8 9460s
 2391011 960692 -10465.285  453   37 4146.33561 -10791.723   360%  13.8 9466s
 2392932 961495 -10338.324  466   22 4146.33561 -10791.723   360%  13.8 9471s
 2394828 962370 -10771.818  442   65 4146.33561 -10791.723   360%  13.8 9477s
 2395544 962884 -9737.7956  472   22 4146.33561 -10791.723   360%  13.8 9484s
 2396675 963182     cutoff  473      4146.33561 -10791.723   360%  13.8 9487s
 2398011 963810 -10629.030  448   39 4146.33561 -10791.723   360%  13.8 9492s
 2399446 964388 -10501.552  456   45 4146.33561 -10791.723   360%  13.8 9497s
 2400192 964780 -10692.191  449   68 4146.33561 -10791.723   360%  13.8 9500s
 2401623 965400 -10541.637  460   35 4146.33561 -10791.723   360%  13.8 9505s
 2403131 966120 -10274.938  476   20 4146.33561 -10791.723   360%  13.8 9511s
 2404742 966763     cutoff  470      4146.33561 -10791.723   360%  13.8 9517s
 2405424 967356     cutoff  469      4146.33561 -10791.723   360%  13.8 9520s
 2407458 968142 -9737.7956  468   35 4146.33561 -10791.723   360%  13.8 9526s
 2409367 969142 -10541.437  454   48 4146.33561 -10791.723   360%  13.7 9532s
 2410151 969672     cutoff  486      4146.33561 -10791.723   360%  13.7 9540s
 2411745 970268     cutoff  466      4146.33561 -10791.723   360%  13.7 9546s
 2413299 971045     cutoff  462      4146.33561 -10791.723   360%  13.7 9552s
 2414184 971658 -10465.285  457   34 4146.33561 -10791.723   360%  13.7 9555s
 2416164 972401 -9789.2649  495   19 4146.33561 -10791.723   360%  13.7 9561s
 2417605 973210 -10537.693  449   23 4146.33561 -10791.723   360%  13.7 9567s
 2419406 974005 -10087.240  468   17 4146.33561 -10791.723   360%  13.7 9572s
 2420188 974608 -10051.099  471   27 4146.33561 -10791.723   360%  13.7 9575s
 2422143 975443 -10692.191  446   41 4146.33561 -10791.723   360%  13.7 9581s
 2423902 976172 -9997.0815  471   26 4146.33561 -10791.723   360%  13.7 9586s
 2424656 976646 -9683.7776  481   23 4146.33561 -10791.723   360%  13.7 9594s
 2425630 976883     cutoff  475      4146.33561 -10791.723   360%  13.7 9597s
 2427005 977739 -10657.854  449   33 4146.33561 -10791.723   360%  13.7 9603s
 2427952 978076 -10471.132  466   33 4146.33561 -10791.723   360%  13.7 9605s
 2429588 978984 -10386.943  466   20 4146.33561 -10791.723   360%  13.7 9611s
 2431253 979712 -10537.693  486   31 4146.33561 -10791.723   360%  13.7 9617s
 2431963 980143 -10496.627  458   25 4146.33561 -10791.723   360%  13.7 9620s
 2433744 981066 -10501.552  456   31 4146.33561 -10791.723   360%  13.7 9626s
 2435617 981829     cutoff  439      4146.33561 -10791.723   360%  13.7 9631s
 2437335 982631     cutoff  465      4146.33561 -10791.723   360%  13.7 9637s
 2438105 983062 -10465.285  463   36 4146.33561 -10791.723   360%  13.7 9640s
 2439711 983894     cutoff  452      4146.33561 -10791.723   360%  13.7 9651s
 2441434 984586 -8687.4237  478   19 4146.33561 -10791.723   360%  13.7 9656s
 2443124 985387     cutoff  468      4146.33561 -10791.723   360%  13.7 9661s
 2444536 986142     cutoff  468      4146.33561 -10791.723   360%  13.7 9667s
 2445194 986511 -10537.693  443   24 4146.33561 -10791.723   360%  13.7 9670s
 2446623 987286 -10438.166  459   30 4146.33561 -10791.723   360%  13.7 9676s
 2448217 988102 -10471.132  448   21 4146.33561 -10791.723   360%  13.7 9682s
 2449069 988469 -10692.191  442   40 4146.33561 -10791.723   360%  13.7 9685s
 2450601 989272     cutoff  478      4146.33561 -10791.723   360%  13.7 9690s
 2452666 990282 -10472.658  449   20 4146.33561 -10791.723   360%  13.7 9696s
 2454241 990954 -10692.188  454   49 4146.33561 -10791.723   360%  13.7 9707s
 2455102 991306     cutoff  476      4146.33561 -10791.723   360%  13.7 9710s
 2457069 992280 -10314.415  476   17 4146.33561 -10791.723   360%  13.7 9716s
 2458570 993190 -10428.671  453   17 4146.33561 -10791.723   360%  13.7 9721s
 2460204 993891 -10683.050  445   30 4146.33561 -10791.723   360%  13.7 9727s
 2461553 994484 -10471.132  450   33 4146.33561 -10791.723   360%  13.7 9732s
 2462208 994820 -9737.7956  462   19 4146.33561 -10791.723   360%  13.7 9735s
 2463917 995624 -10438.166  468   31 4146.33561 -10791.723   360%  13.7 9741s
 2465420 996475 -10287.416  482   27 4146.33561 -10791.723   360%  13.7 9747s
 2466327 996855 -10692.191  446   53 4146.33561 -10791.723   360%  13.7 9750s
 2467911 997854 -10790.567  444   76 4146.33561 -10791.723   360%  13.7 9756s
 2469137 998146 -10572.944  432   29 4146.33561 -10791.723   360%  13.7 9764s
 2469961 998492 -9789.2649  476   25 4146.33561 -10791.723   360%  13.7 9767s
 2470751 999044 -10465.285  453   40 4146.33561 -10791.723   360%  13.7 9770s
 2472696 999781 -10501.552  451   35 4146.33561 -10791.723   360%  13.7 9775s
 2474057 1000444 -9987.7136  474   20 4146.33561 -10791.723   360%  13.7 9781s
 2475590 1001259 -10268.653  458   26 4146.33561 -10791.723   360%  13.7 9787s
 2476665 1001632 -10314.415  469   20 4146.33561 -10791.723   360%  13.7 9790s
 2478543 1002402 -10501.552  457   29 4146.33561 -10791.723   360%  13.7 9795s
 2480126 1003133     cutoff  463      4146.33561 -10791.723   360%  13.7 9801s
 2481972 1003645 -9737.7956  475   26 4146.33561 -10791.723   360%  13.7 9806s
 2483166 1004698 -9737.7956  480   25 4146.33561 -10791.723   360%  13.7 9812s
 2484327 1004966 -10314.535  468   21 4146.33561 -10791.723   360%  13.7 9819s
 2485033 1005420 -10692.191  449   35 4146.33561 -10791.723   360%  13.7 9822s
 2486005 1005895 -10501.552  455   23 4146.33561 -10791.723   360%  13.7 9826s
 2487775 1006710 -9737.7956  474   26 4146.33561 -10791.723   360%  13.7 9832s
 2488672 1007292 -9668.1246  471   22 4146.33561 -10791.723   360%  13.7 9835s
 2490680 1008178 -9762.3767  476   26 4146.33561 -10791.723   360%  13.7 9841s
 2492572 1008910 -10051.099  464   27 4146.33561 -10791.723   360%  13.7 9847s
 2493398 1009370 -9737.7956  477   28 4146.33561 -10791.723   360%  13.7 9850s
 2495170 1010071 -10350.802  465   30 4146.33561 -10791.723   360%  13.7 9855s
 2496846 1010879 -10553.022  479   20 4146.33561 -10791.723   360%  13.7 9860s
 2498408 1011578 -9737.7956  483   22 4146.33561 -10791.723   360%  13.7 9866s
 2499314 1011986     cutoff  480      4146.33561 -10791.723   360%  13.7 9874s
 2500110 1012499 -10447.534  457   41 4146.33561 -10791.723   360%  13.7 9877s
 2501310 1012807 -10501.552  470   22 4146.33561 -10791.723   360%  13.7 9880s
 2502476 1013344     cutoff  474      4146.33561 -10791.723   360%  13.7 9885s
 2504119 1014178     cutoff  483      4146.33561 -10791.723   360%  13.7 9891s
 2505962 1014892 -10471.132  456   37 4146.33561 -10791.723   360%  13.7 9897s
 2506858 1015232 -10692.191  447   58 4146.33561 -10791.723   360%  13.7 9900s
 2508411 1015894 -9737.7956  480   22 4146.33561 -10791.723   360%  13.7 9905s
 2509857 1016546 -10501.552  447   72 4146.33561 -10791.723   360%  13.7 9911s
 2511473 1017237 -10465.285  461   36 4146.33561 -10791.723   360%  13.7 9916s
 2513095 1017763 -10501.552  463   36 4146.33561 -10791.723   360%  13.7 9922s
 2513957 1018085 -10791.723  436   49 4146.33561 -10791.723   360%  13.7 9930s
 2515515 1018356 -10791.723  447   53 4146.33561 -10791.723   360%  13.7 9935s
 2517037 1018706     cutoff  460      4146.33561 -10791.723   360%  13.7 9941s
 2518562 1018941 -10341.716  454   31 4146.33561 -10791.723   360%  13.7 9947s
 2519444 1019144 -10651.142  447   31 4146.33561 -10791.723   360%  13.7 9950s
 2521158 1019475 infeasible  469      4146.33561 -10791.723   360%  13.7 9956s
 2521847 1019570 -10249.810  452   43 4146.33561 -10791.723   360%  13.7 9960s
 2523676 1019919 -10496.924  457   36 4146.33561 -10791.723   360%  13.7 9966s
 2525442 1020258 -10164.643  467   30 4146.33561 -10791.723   360%  13.7 9972s
 2526361 1020386 -10791.722  450   32 4146.33561 -10791.723   360%  13.7 9975s
 2527833 1020638     cutoff  472      4146.33561 -10791.723   360%  13.7 9981s
 2528522 1020690 -10307.947  437   82 4146.33561 -10791.723   360%  13.7 9988s
 2529180 1020759 -10791.723  460   46 4146.33561 -10791.723   360%  13.7 9992s
 2529992 1020822 -10546.084  451   40 4146.33561 -10791.723   360%  13.7 9995s
 2531554 1020957 -10295.561  464   63 4146.33561 -10791.723   360%  13.7 10002s
 2532394 1021018 -10791.723  461   46 4146.33561 -10791.723   360%  13.7 10005s
 2534010 1021047 -10535.192  463   78 4146.33561 -10791.723   360%  13.7 10012s
 2534822 1021092     cutoff  464      4146.33561 -10791.723   360%  13.7 10016s
 2535693 1021146 -10258.984  456   58 4146.33561 -10791.723   360%  13.7 10020s
 2537627 1021359 infeasible  462      4146.33561 -10791.723   360%  13.7 10028s
 2538739 1021380     cutoff  456      4146.33561 -10791.723   360%  13.7 10031s
 2539130 1021651     cutoff  415      4146.33561 -10791.723   360%  13.7 10035s
 2541571 1022122 -10208.972  446   20 4146.33561 -10791.723   360%  13.7 10043s
 2542742 1022280     cutoff  491      4146.33561 -10791.723   360%  13.7 10046s
 2543918 1022407 -9601.1547  441   12 4146.33561 -10791.723   360%  13.7 10054s
 2544952 1022523 infeasible  443      4146.33561 -10791.723   360%  13.7 10057s
 2545644 1022721     cutoff  427      4146.33561 -10791.723   360%  13.7 10060s
 2547344 1023300     cutoff  467      4146.33561 -10791.723   360%  13.7 10065s
 2548827 1023968 -9773.9363  478   28 4146.33561 -10791.723   360%  13.7 10071s
 2550636 1024669 -9773.9363  473   35 4146.33561 -10791.723   360%  13.7 10077s
 2551609 1025055 -9773.9363  467   41 4146.33561 -10791.723   360%  13.7 10080s
 2553488 1025793 -10060.242  464   33 4146.33561 -10791.723   360%  13.7 10086s
 2555011 1026576     cutoff  486      4146.33561 -10791.723   360%  13.7 10092s
 2555902 1027010 -10471.132  455   33 4146.33561 -10791.723   360%  13.7 10096s
 2556981 1027233 -9773.9363  472   32 4146.33561 -10791.723   360%  13.7 10100s
 2558468 1028244     cutoff  469      4146.33561 -10791.723   360%  13.7 10112s
 2560391 1028913     cutoff  450      4146.33561 -10791.723   360%  13.7 10117s
 2561040 1029204     cutoff  475      4146.33561 -10791.723   360%  13.7 10120s
 2562569 1029813 -9773.9363  473   20 4146.33561 -10791.723   360%  13.7 10125s
 2563913 1030664     cutoff  480      4146.33561 -10791.723   360%  13.7 10130s
 2565792 1031332     cutoff  467      4146.33561 -10791.723   360%  13.7 10136s
 2567462 1031987 -10537.693  452   20 4146.33561 -10791.723   360%  13.7 10141s
 2569114 1032641 infeasible  473      4146.33561 -10791.723   360%  13.7 10146s
 2570622 1033420 -10537.693  457   25 4146.33561 -10791.723   360%  13.7 10152s
 2572540 1034228 -10537.693  457   29 4146.33561 -10791.723   360%  13.7 10157s
 2573159 1034537 -10791.722  442   36 4146.33561 -10791.723   360%  13.7 10164s
 2573970 1034844 infeasible  456      4146.33561 -10791.723   360%  13.7 10167s
 2574903 1035183     cutoff  472      4146.33561 -10791.723   360%  13.7 10170s
 2576548 1035866 -10537.693  458   20 4146.33561 -10791.723   360%  13.7 10176s
 2578326 1036744     cutoff  463      4146.33561 -10791.723   360%  13.7 10182s
 2579347 1037070     cutoff  468      4146.33561 -10791.723   360%  13.7 10185s
 2580862 1037866 -10471.132  451   44 4146.33561 -10791.723   360%  13.7 10190s
 2582627 1038674     cutoff  473      4146.33561 -10791.723   360%  13.7 10196s
 2584444 1039327 -10087.240  471   17 4146.33561 -10791.723   360%  13.7 10202s
 2585267 1039724 -10359.944  460   46 4146.33561 -10791.723   360%  13.7 10205s
 2586881 1039933 -10060.242  469   23 4146.33561 -10791.723   360%  13.7 10212s
 2586893 1039941 -9771.5187  470   23 4146.33561 -10791.723   360%  13.7 10215s
 2587086 1040336 -9746.9376  472   25 4146.33561 -10791.723   360%  13.7 10220s
 2587907 1040770     cutoff  475      4146.33561 -10791.723   360%  13.7 10228s
 2588883 1041045 -9773.9363  469   29 4146.33561 -10791.723   360%  13.7 10230s
 2590553 1041760     cutoff  466      4146.33561 -10791.723   360%  13.7 10236s
 2591999 1042078 -10208.972  461   17 4146.33561 -10791.723   360%  13.7 10241s
 2593666 1042291 -10221.555  461   44 4146.33561 -10791.723   360%  13.7 10246s
 2595412 1042528 -10221.555  453   20 4146.33561 -10791.723   360%  13.7 10251s
 2597047 1042690 -10154.994  447   21 4146.33561 -10791.722   360%  13.7 10256s
 2598274 1042779 infeasible  465      4146.33561 -10791.722   360%  13.7 10261s
 2599535 1042954     cutoff  481      4146.33561 -10791.722   360%  13.7 10266s
 2600731 1043073     cutoff  468      4146.33561 -10791.722   360%  13.7 10272s
 2602043 1043094 infeasible  469      4146.33561 -10791.722   360%  13.7 10277s
 2602684 1043135 infeasible  466      4146.33561 -10791.722   360%  13.7 10284s
 2603365 1043136 -10500.391  452   33 4146.33561 -10791.722   360%  13.7 10287s
 2604027 1043180 -10791.722  458   37 4146.33561 -10791.722   360%  13.7 10291s
 2605776 1043314 -10422.619  475   42 4146.33561 -10791.722   360%  13.7 10298s
 2606626 1043362 -9332.6099  488   22 4146.33561 -10791.722   360%  13.7 10301s
 2607573 1043433 -10791.722  468   56 4146.33561 -10791.722   360%  13.7 10305s
 2609177 1043426 -9342.3485  463   35 4146.33561 -10791.722   360%  13.7 10312s
 2609977 1043446 -10371.856  464   54 4146.33561 -10791.722   360%  13.7 10315s
 2611699 1043673 -10287.416  472   24 4146.33561 -10791.722   360%  13.7 10323s
 2612617 1043696     cutoff  465      4146.33561 -10791.722   360%  13.7 10326s
 2613454 1043750 -10791.722  459   40 4146.33561 -10791.722   360%  13.7 10330s
 2615355 1043962 -10791.722  457   55 4146.33561 -10791.722   360%  13.7 10337s
 2616215 1044024 -10791.722  459   46 4146.33561 -10791.722   360%  13.7 10341s
 2617890 1044155     cutoff  467      4146.33561 -10791.722   360%  13.7 10352s
 2618514 1044447 -10122.626  462   35 4146.33561 -10791.722   360%  13.7 10355s
 2619507 1044703 -10782.581  434   30 4146.33561 -10791.722   360%  13.7 10360s
 2621471 1045200 -10501.552  458   38 4146.33561 -10791.722   360%  13.7 10366s
 2622222 1045425 -10791.722  460   48 4146.33561 -10791.722   360%  13.7 10370s
 2623789 1045934 -10791.722  446   55 4146.33561 -10791.722   360%  13.7 10376s
 2624577 1046299     cutoff  458      4146.33561 -10791.722   360%  13.7 10380s
 2626548 1047288 -10025.906  474   53 4146.33561 -10791.722   360%  13.7 10386s
 2628199 1048113 -10692.188  455   31 4146.33561 -10791.722   360%  13.7 10393s
 2629048 1048653 -10537.693  473   26 4146.33561 -10791.722   360%  13.7 10396s
 2630906 1049655 -10575.122  446   40 4146.33561 -10791.722   360%  13.7 10402s
 2631839 1050178 -10788.290  452   81 4146.33561 -10791.722   360%  13.7 10405s
 2632792 1050604 -10683.050  459   49 4146.33561 -10791.722   360%  13.7 10413s
 2633594 1050981 -10350.802  486   16 4146.33561 -10791.722   360%  13.7 10415s
 2635238 1051969 -10510.694  465   31 4146.33561 -10791.722   360%  13.7 10422s
 2636119 1052574 infeasible  478      4146.33561 -10791.722   360%  13.7 10425s
 2638153 1053420 -10465.285  478   33 4146.33561 -10791.722   360%  13.7 10431s
 2639735 1054322 -10537.693  470   13 4146.33561 -10791.722   360%  13.7 10436s
 2641587 1055308     cutoff  480      4146.33561 -10791.722   360%  13.7 10442s
 2642480 1055909     cutoff  484      4146.33561 -10791.722   360%  13.7 10445s
 2644358 1056688 -9789.2649  477   26 4146.33561 -10791.722   360%  13.7 10451s
 2646064 1057510 -10501.552  478   22 4146.33561 -10791.722   360%  13.7 10457s
 2646942 1057965 -10350.802  477   26 4146.33561 -10791.722   360%  13.7 10460s
 2647761 1058371 -10692.191  467   46 4146.33561 -10791.722   360%  13.7 10468s
 2648565 1058897 -10287.416  511   33 4146.33561 -10791.722   360%  13.7 10471s
 2650527 1059574 -10692.191  462   27 4146.33561 -10791.722   360%  13.7 10476s
 2652053 1060357     cutoff  488      4146.33561 -10791.722   360%  13.7 10481s
 2653432 1061024     cutoff  487      4146.33561 -10791.722   360%  13.7 10487s
 2654218 1061481 -10345.877  469   32 4146.33561 -10791.722   360%  13.7 10490s
 2655119 1061655 -10338.324  487   16 4146.33561 -10791.722   360%  13.7 10495s
 2656210 1062485     cutoff  491      4146.33561 -10791.722   360%  13.7 10501s
 2658009 1063444 -10692.188  458   79 4146.33561 -10791.722   360%  13.7 10507s
 2658939 1063813 -10314.415  485   16 4146.33561 -10791.722   360%  13.7 10510s
 2660438 1064624 -9732.8704  487   32 4146.33561 -10791.722   360%  13.7 10516s
 2662234 1065536 -10692.188  465   62 4146.33561 -10791.722   360%  13.7 10527s
 2663825 1066222 -10692.188  459   49 4146.33561 -10791.722   360%  13.7 10532s
 2664553 1066736 -10501.552  460   18 4146.33561 -10791.722   360%  13.7 10535s
 2666290 1067653 -10350.802  472   21 4146.33561 -10791.722   360%  13.7 10541s
 2668272 1068519 -9737.7956  480   15 4146.33561 -10791.722   360%  13.7 10547s
 2669076 1068952 -10476.359  462   53 4146.33561 -10791.722   360%  13.7 10550s
 2670718 1069665     cutoff  475      4146.33561 -10791.722   360%  13.7 10555s
 2672611 1070612 -10386.943  470   13 4146.33561 -10791.722   360%  13.7 10561s
 2674110 1071439 -10438.166  466   17 4146.33561 -10791.722   360%  13.7 10566s
 2675816 1072226 -10791.722  456   43 4146.33561 -10791.722   360%  13.7 10572s
 2676727 1072622 -10692.191  464   28 4146.33561 -10791.722   360%  13.7 10580s
 2678798 1073627 -10692.191  463   53 4146.33561 -10791.722   360%  13.7 10586s
 2680430 1074454     cutoff  487      4146.33561 -10791.722   360%  13.7 10591s
 2681817 1075176 -10325.609  474   23 4146.33561 -10791.722   360%  13.7 10597s
 2683421 1076046 -10683.046  467   28 4146.33561 -10791.722   360%  13.7 10602s
 2684340 1076506 -10692.191  465   55 4146.33561 -10791.722   360%  13.7 10605s
 2685999 1077421 -10692.191  460   52 4146.33561 -10791.722   360%  13.7 10611s
 2687806 1078175 -10501.552  477   38 4146.33561 -10791.722   360%  13.7 10617s
 2688524 1078667 -10338.324  473   17 4146.33561 -10791.722   360%  13.7 10620s
 2690347 1079546     cutoff  487      4146.33561 -10791.722   360%  13.7 10626s
 2691355 1079973 -10501.552  474   27 4146.33561 -10791.722   360%  13.7 10634s
 2692080 1080346 -10423.636  477   30 4146.33561 -10791.722   360%  13.7 10637s
 2692963 1080822     cutoff  469      4146.33561 -10791.722   360%  13.7 10641s
 2694595 1081748 -9987.7136  496   13 4146.33561 -10791.722   360%  13.7 10647s
 2695566 1082134     cutoff  486      4146.33561 -10791.722   360%  13.7 10651s
 2697388 1083050 -10537.693  466   29 4146.33561 -10791.722   360%  13.7 10657s
 2698198 1083538 -10537.693  464   25 4146.33561 -10791.722   360%  13.7 10660s
 2700146 1084324 -10471.132  466   38 4146.33561 -10791.722   360%  13.7 10666s
 2702048 1085383     cutoff  485      4146.33561 -10791.722   360%  13.7 10672s
 2702939 1085837 -10051.099  477   13 4146.33561 -10791.722   360%  13.7 10675s
 2704497 1086570 -10553.022  484   28 4146.33561 -10791.722   360%  13.7 10681s
 2706470 1087503 -10575.122  460   33 4146.33561 -10791.722   360%  13.7 10691s
 2707248 1087849 -10345.877  471   13 4146.33561 -10791.722   360%  13.7 10695s
 2708988 1088818 -10537.693  466   30 4146.33561 -10791.722   360%  13.7 10701s
 2710839 1089667 -10683.046  468   46 4146.33561 -10791.722   360%  13.7 10707s
 2711618 1090191 -10501.552  483   19 4146.33561 -10791.722   360%  13.7 10710s
 2713467 1091142     cutoff  482      4146.33561 -10791.722   360%  13.7 10715s
 2715230 1091993 -9737.7956  476   15 4146.33561 -10791.722   360%  13.7 10721s
 2716936 1092936 -10501.552  467   36 4146.33561 -10791.722   360%  13.7 10727s
 2717870 1093353 -10471.132  473   14 4146.33561 -10791.722   360%  13.7 10730s
 2719625 1094211 infeasible  476      4146.33561 -10791.722   360%  13.7 10735s
 2721523 1095281 -10553.022  470   23 4146.33561 -10791.722   360%  13.7 10746s
 2723111 1096095 -10350.802  473   27 4146.33561 -10791.722   360%  13.7 10752s
 2723937 1096485 -9732.8704  473   24 4146.33561 -10791.722   360%  13.7 10755s
 2725514 1097147 -10629.030  466   32 4146.33561 -10791.722   360%  13.7 10762s
 2726462 1097739 -9737.7956  493   18 4146.33561 -10791.722   360%  13.7 10765s
 2728573 1098574 -10501.552  462   17 4146.33561 -10791.722   360%  13.7 10771s
 2730455 1099463 -9746.9376  485   20 4146.33561 -10791.722   360%  13.7 10777s
 2731208 1099950 -10476.359  466   13 4146.33561 -10791.722   360%  13.7 10780s
 2733058 1100795 -10692.188  458   56 4146.33561 -10791.722   360%  13.7 10786s
 2734828 1101686 infeasible  483      4146.33561 -10791.722   360%  13.7 10792s
 2735739 1102277 -9737.7956  483   19 4146.33561 -10791.722   360%  13.7 10795s
 2736845 1102309 -10553.022  475   13 4146.33561 -10791.722   360%  13.7 10800s

Cutting planes:
  Learned: 1
  Gomory: 8
  Implied bound: 344
  Mixing: 9
  Flow cover: 101
  Relax-and-lift: 40

Explored 2736911 nodes (37449422 simplex iterations) in 10800.08 seconds (9002.00 work units)
Thread count was 16 (of 16 available processors)

Solution count 9: 4146.34 4146.34 4146.34 ... 5817.57

Time limit reached
Best objective 4.146335609911e+03, best bound -1.079172249273e+04, gap 360.2713%
